student_id,date_registered,total_minutes_watched,num_paid_days,buckets
260111,2022-01-12,1556.91,292,"(1000, 2000]"
260715,2022-01-17,491.61,21,"(480, 1000]"
261510,2022-01-25,467.55,278,"(240, 480]"
260126,2022-01-12,1714.79,292,"(1000, 2000]"
261059,2022-01-20,942.46,281,"(480, 1000]"
260998,2022-01-19,4406.57,284,"(4000, 6000]"
262190,2022-01-31,82.77,89,"(60, 120]"
261995,2022-01-30,1530.34,57,"(1000, 2000]"
261782,2022-01-27,213.45,277,"(120, 240]"
260702,2022-01-17,42.5,279,"(30, 60]"
263120,2022-02-08,1761.04,265,"(1000, 2000]"
262392,2022-02-02,795.5,271,"(480, 1000]"
258818,2022-01-01,1392.1,301,"(1000, 2000]"
261239,2022-01-22,2055.22,278,"(2000, 3000]"
262908,2022-02-07,299.02,63,"(240, 480]"
263786,2022-02-15,3422.96,28,"(3000, 4000]"
262414,2022-02-03,2710.13,270,"(2000, 3000]"
261263,2022-01-22,2415.69,282,"(2000, 3000]"
260608,2022-01-16,3036.52,284,"(3000, 4000]"
265462,2022-03-01,232.96,244,"(120, 240]"
264694,2022-02-23,3567.61,28,"(3000, 4000]"
261022,2022-01-20,370.24,284,"(240, 480]"
263480,2022-02-13,2550.43,59,"(2000, 3000]"
264361,2022-02-20,2572.65,28,"(2000, 3000]"
261756,2022-01-27,4716.61,277,"(4000, 6000]"
265628,2022-03-02,1459.82,237,"(1000, 2000]"
262585,2022-02-03,2475.35,270,"(2000, 3000]"
261227,2022-01-22,169,282,"(120, 240]"
261778,2022-01-27,3607.03,277,"(3000, 4000]"
263648,2022-02-14,238.4,256,"(120, 240]"
263639,2022-02-14,3265.79,259,"(3000, 4000]"
261785,2022-01-27,5365.11,277,"(4000, 6000]"
259524,2022-01-06,2827.11,278,"(2000, 3000]"
263672,2022-02-14,230.46,259,"(120, 240]"
267496,2022-03-16,738.84,229,"(480, 1000]"
267812,2022-03-18,2702.43,226,"(2000, 3000]"
263479,2022-02-13,1419.14,59,"(1000, 2000]"
263231,2022-02-09,669.45,261,"(480, 1000]"
261766,2022-01-27,761.06,277,"(480, 1000]"
268257,2022-03-22,348.37,223,"(240, 480]"
260033,2022-01-11,136.38,286,"(120, 240]"
263693,2022-02-15,1143.1,122,"(1000, 2000]"
264404,2022-02-21,1375.37,250,"(1000, 2000]"
266529,2022-03-09,2862.73,236,"(2000, 3000]"
268516,2022-03-24,1499.54,215,"(1000, 2000]"
267487,2022-03-16,603.04,31,"(480, 1000]"
258800,2022-01-01,531.02,303,"(480, 1000]"
262988,2022-02-07,4964.94,264,"(4000, 6000]"
268817,2022-03-28,278.85,215,"(240, 480]"
269646,2022-04-04,1189.66,91,"(1000, 2000]"
267286,2022-03-14,945.13,225,"(480, 1000]"
268390,2022-03-23,2009.42,30,"(2000, 3000]"
266112,2022-03-06,5195.28,30,"(4000, 6000]"
268805,2022-03-28,1880.23,214,"(1000, 2000]"
265003,2022-02-25,785.99,30,"(480, 1000]"
270018,2022-04-08,140.25,61,"(120, 240]"
269314,2022-04-02,3990.12,212,"(3000, 4000]"
260042,2022-01-11,2857.65,255,"(2000, 3000]"
270648,2022-04-13,103.13,91,"(60, 120]"
264146,2022-02-18,6985.78,248,6000+
265927,2022-03-05,63.4,216,"(60, 120]"
259504,2022-01-06,2891.97,295,"(2000, 3000]"
268152,2022-03-21,1816.14,224,"(1000, 2000]"
263368,2022-02-11,1047.28,260,"(1000, 2000]"
271670,2022-04-23,267.59,191,"(240, 480]"
270014,2022-04-07,342.96,206,"(240, 480]"
262044,2022-01-30,0.58,216,"(0, 30]"
259767,2022-01-09,3822.85,295,"(3000, 4000]"
261801,2022-01-28,3661.64,276,"(3000, 4000]"
263683,2022-02-14,701.83,247,"(480, 1000]"
270486,2022-04-11,946.2,30,"(480, 1000]"
261593,2022-01-25,510.38,279,"(480, 1000]"
270710,2022-04-13,912.16,61,"(480, 1000]"
262821,2022-02-06,1754.64,267,"(1000, 2000]"
262641,2022-02-04,2740.28,268,"(2000, 3000]"
263706,2022-02-15,148.88,252,"(120, 240]"
264476,2022-02-21,1866.34,252,"(1000, 2000]"
268825,2022-03-28,3061.23,214,"(3000, 4000]"
271348,2022-04-20,1069.17,194,"(1000, 2000]"
273953,2022-05-14,13.75,61,"(0, 30]"
272909,2022-05-05,7102.07,179,6000+
267936,2022-03-19,3224.44,215,"(3000, 4000]"
269204,2022-04-01,7698.46,213,6000+
265928,2022-03-05,4199.48,240,"(4000, 6000]"
272472,2022-04-30,3878.85,184,"(3000, 4000]"
258913,2022-01-02,1462.85,302,"(1000, 2000]"
270931,2022-04-15,951.34,199,"(480, 1000]"
274070,2022-05-16,2387.53,164,"(2000, 3000]"
274377,2022-05-18,235,166,"(120, 240]"
275021,2022-05-25,210.47,159,"(120, 240]"
274130,2022-05-16,1182.31,159,"(1000, 2000]"
270197,2022-04-09,101.02,205,"(60, 120]"
272842,2022-05-04,7303.85,92,6000+
263087,2022-02-08,1603.79,262,"(1000, 2000]"
275141,2022-05-26,94.92,5,"(60, 120]"
259860,2022-01-09,3537.48,294,"(3000, 4000]"
274904,2022-05-24,424.95,159,"(240, 480]"
264141,2022-02-18,83.19,255,"(60, 120]"
265588,2022-03-02,3005.91,237,"(3000, 4000]"
274611,2022-05-21,433.77,153,"(240, 480]"
275038,2022-05-25,715.05,27,"(480, 1000]"
268011,2022-03-19,5711.64,225,"(4000, 6000]"
268410,2022-03-23,1564.72,222,"(1000, 2000]"
276135,2022-06-02,1342.39,147,"(1000, 2000]"
259870,2022-01-10,1986.24,276,"(1000, 2000]"
265966,2022-03-05,3701.62,240,"(3000, 4000]"
275282,2022-05-28,941.87,31,"(480, 1000]"
260173,2022-01-12,3948.02,291,"(3000, 4000]"
268926,2022-03-30,7672.66,215,6000+
271856,2022-04-25,688.89,153,"(480, 1000]"
274564,2022-05-20,3706.76,161,"(3000, 4000]"
272717,2022-05-03,2709.19,92,"(2000, 3000]"
272865,2022-05-05,787.01,61,"(480, 1000]"
272255,2022-04-28,713.96,61,"(480, 1000]"
273936,2022-05-14,205.55,170,"(120, 240]"
274039,2022-05-15,2918.26,169,"(2000, 3000]"
276829,2022-06-06,133.48,147,"(120, 240]"
269874,2022-04-06,490.81,83,"(480, 1000]"
277864,2022-06-15,2593.06,135,"(2000, 3000]"
272586,2022-05-02,778.38,153,"(480, 1000]"
262784,2022-02-05,2185.68,268,"(2000, 3000]"
268357,2022-03-23,3108.67,222,"(3000, 4000]"
277066,2022-06-08,1024.26,143,"(1000, 2000]"
277557,2022-06-12,1502.27,30,"(1000, 2000]"
262643,2022-02-04,5003.97,224,"(4000, 6000]"
269518,2022-04-03,2279.67,209,"(2000, 3000]"
272058,2022-04-26,1096.18,159,"(1000, 2000]"
278940,2022-06-22,782.47,30,"(480, 1000]"
279519,2022-06-28,188.16,125,"(120, 240]"
275050,2022-05-25,657.61,159,"(480, 1000]"
274814,2022-05-23,1164.54,161,"(1000, 2000]"
270075,2022-04-08,2835.16,204,"(2000, 3000]"
280114,2022-07-02,530.83,92,"(480, 1000]"
274906,2022-05-24,3087.99,154,"(3000, 4000]"
263913,2022-02-17,983.43,256,"(480, 1000]"
272991,2022-05-06,2354.5,178,"(2000, 3000]"
262459,2022-02-03,3156.06,269,"(3000, 4000]"
280134,2022-07-03,2023.53,119,"(2000, 3000]"
275470,2022-05-30,2162.26,153,"(2000, 3000]"
281297,2022-07-12,154.24,31,"(120, 240]"
270738,2022-04-13,3103.63,201,"(3000, 4000]"
275495,2022-05-31,9.32,152,"(0, 30]"
266814,2022-03-11,676.94,31,"(480, 1000]"
281961,2022-07-18,885.71,31,"(480, 1000]"
262761,2022-02-05,790.93,223,"(480, 1000]"
278753,2022-06-21,2143.18,130,"(2000, 3000]"
274908,2022-05-24,866.28,160,"(480, 1000]"
280218,2022-07-03,929.78,31,"(480, 1000]"
280427,2022-07-05,280.72,62,"(240, 480]"
280249,2022-07-04,2878.45,112,"(2000, 3000]"
274050,2022-05-15,3918.79,153,"(3000, 4000]"
274996,2022-05-25,2620.75,159,"(2000, 3000]"
261019,2022-01-20,2348.14,282,"(2000, 3000]"
274000,2022-05-15,182.68,169,"(120, 240]"
277012,2022-06-08,2270.03,122,"(2000, 3000]"
266512,2022-03-09,3455.68,232,"(3000, 4000]"
282838,2022-07-28,380.2,95,"(240, 480]"
279409,2022-06-27,1029.14,125,"(1000, 2000]"
280548,2022-07-06,980.65,55,"(480, 1000]"
273671,2022-05-12,1207.49,172,"(1000, 2000]"
283005,2022-07-29,938.71,89,"(480, 1000]"
283239,2022-07-31,192.42,31,"(120, 240]"
274552,2022-05-20,1289.76,137,"(1000, 2000]"
283452,2022-08-01,328.19,85,"(240, 480]"
274861,2022-05-23,4532.27,154,"(4000, 6000]"
272977,2022-05-06,594.98,162,"(480, 1000]"
275126,2022-05-26,184.6,158,"(120, 240]"
282371,2022-07-23,1244.49,100,"(1000, 2000]"
282977,2022-07-29,3546.55,93,"(3000, 4000]"
274209,2022-05-17,2207.84,166,"(2000, 3000]"
259174,2022-01-04,4922.01,297,"(4000, 6000]"
277562,2022-06-12,2011.35,141,"(2000, 3000]"
283550,2022-08-02,87.65,88,"(60, 120]"
282803,2022-07-27,1670.82,31,"(1000, 2000]"
265415,2022-02-28,1710.2,245,"(1000, 2000]"
286884,2022-08-17,110.64,74,"(60, 120]"
281609,2022-07-15,1718.75,76,"(1000, 2000]"
284288,2022-08-07,448.65,61,"(240, 480]"
284438,2022-08-08,4486.94,82,"(4000, 6000]"
267064,2022-03-13,5085.2,228,"(4000, 6000]"
279722,2022-06-29,177.05,124,"(120, 240]"
261714,2022-01-27,1343.77,277,"(1000, 2000]"
275045,2022-05-25,5900.29,93,"(4000, 6000]"
285397,2022-08-14,1896.24,71,"(1000, 2000]"
286824,2022-08-17,557.13,31,"(480, 1000]"
260971,2022-01-19,906.78,285,"(480, 1000]"
268883,2022-03-29,200.22,164,"(120, 240]"
275158,2022-05-27,178.53,152,"(120, 240]"
282594,2022-07-25,901.53,37,"(480, 1000]"
271154,2022-04-18,3556.33,194,"(3000, 4000]"
288637,2022-08-29,783.52,62,"(480, 1000]"
288505,2022-08-29,224.3,61,"(120, 240]"
280613,2022-07-07,3900.34,110,"(3000, 4000]"
263309,2022-02-10,804.41,178,"(480, 1000]"
261682,2022-01-26,6636.44,277,6000+
289019,2022-09-01,269.88,56,"(240, 480]"
288140,2022-08-26,38.37,62,"(30, 60]"
289270,2022-09-03,2220.05,58,"(2000, 3000]"
287721,2022-08-23,61.57,31,"(60, 120]"
276439,2022-06-03,6371.96,122,6000+
282591,2022-07-25,1621.76,98,"(1000, 2000]"
263783,2022-02-15,862.72,258,"(480, 1000]"
278642,2022-06-20,749.09,133,"(480, 1000]"
263825,2022-02-16,2158.73,64,"(2000, 3000]"
277322,2022-06-10,1255.55,116,"(1000, 2000]"
277609,2022-06-13,4020.53,137,"(4000, 6000]"
271185,2022-04-18,2336.87,159,"(2000, 3000]"
286199,2022-08-15,405.15,30,"(240, 480]"
282954,2022-07-29,1926.83,92,"(1000, 2000]"
290226,2022-09-11,2971.86,50,"(2000, 3000]"
262634,2022-02-04,697.62,269,"(480, 1000]"
288071,2022-08-25,118.95,42,"(60, 120]"
290719,2022-09-14,91.83,47,"(60, 120]"
285352,2022-08-14,2626.32,78,"(2000, 3000]"
271465,2022-04-21,1099.41,177,"(1000, 2000]"
262112,2022-01-31,2140.89,215,"(2000, 3000]"
283510,2022-08-02,936.97,30,"(480, 1000]"
276784,2022-06-06,1026.92,147,"(1000, 2000]"
280827,2022-07-08,236.87,115,"(120, 240]"
292627,2022-09-30,172.85,31,"(120, 240]"
280148,2022-07-03,75.05,41,"(60, 120]"
260754,2022-01-17,4308.6,283,"(4000, 6000]"
284241,2022-08-07,900.86,84,"(480, 1000]"
291789,2022-09-23,1943.97,31,"(1000, 2000]"
280121,2022-07-02,4170.18,118,"(4000, 6000]"
288284,2022-08-27,738.29,61,"(480, 1000]"
291412,2022-09-20,184.15,32,"(120, 240]"
261820,2022-01-28,835.73,276,"(480, 1000]"
292720,2022-09-30,536.14,25,"(480, 1000]"
280545,2022-07-06,210.36,115,"(120, 240]"
290487,2022-09-13,251.77,48,"(240, 480]"
287739,2022-08-23,434.82,69,"(240, 480]"
282601,2022-07-25,1258.29,38,"(1000, 2000]"
266001,2022-03-05,5039.16,239,"(4000, 6000]"
293713,2022-10-07,1171.6,23,"(1000, 2000]"
291425,2022-09-20,2041.91,35,"(2000, 3000]"
261721,2022-01-27,568.17,277,"(480, 1000]"
277403,2022-06-11,3754.03,122,"(3000, 4000]"
291561,2022-09-21,182.84,40,"(120, 240]"
291462,2022-09-20,1368.32,41,"(1000, 2000]"
288345,2022-08-27,2613.46,64,"(2000, 3000]"
292574,2022-09-29,1033.73,32,"(1000, 2000]"
260980,2022-01-19,3341.05,277,"(3000, 4000]"
282032,2022-07-19,428.4,95,"(240, 480]"
295949,2022-10-24,23.09,1,"(0, 30]"
268287,2022-03-22,2951.53,215,"(2000, 3000]"
286826,2022-08-17,4458.43,74,"(4000, 6000]"
282529,2022-07-25,405.69,97,"(240, 480]"
275461,2022-05-30,129.27,31,"(120, 240]"
275505,2022-05-31,718.99,64,"(480, 1000]"
294948,2022-10-16,356.48,9,"(240, 480]"
279735,2022-06-29,737.56,11,"(480, 1000]"
265370,2022-02-28,154.03,92,"(120, 240]"
260646,2022-01-16,1279.26,288,"(1000, 2000]"
261121,2022-01-21,1959.69,282,"(1000, 2000]"
260977,2022-01-19,441.26,285,"(240, 480]"
262819,2022-02-06,597.54,263,"(480, 1000]"
262675,2022-02-04,137.44,28,"(120, 240]"
260356,2022-01-14,1010.62,289,"(1000, 2000]"
262580,2022-02-03,1443.86,263,"(1000, 2000]"
262470,2022-02-03,464.03,270,"(240, 480]"
261171,2022-01-21,3617.52,279,"(3000, 4000]"
261802,2022-01-28,3839.1,276,"(3000, 4000]"
265328,2022-02-28,939.88,244,"(480, 1000]"
264425,2022-02-21,1551.17,245,"(1000, 2000]"
264076,2022-02-18,2570.3,28,"(2000, 3000]"
265878,2022-03-04,1444.68,240,"(1000, 2000]"
259657,2022-01-07,4411.72,296,"(4000, 6000]"
260345,2022-01-14,4639.66,279,"(4000, 6000]"
264623,2022-02-22,1238.32,245,"(1000, 2000]"
266386,2022-03-08,212.57,61,"(120, 240]"
266680,2022-03-10,564.45,31,"(480, 1000]"
261466,2022-01-24,3560.73,211,"(3000, 4000]"
266901,2022-03-12,299.74,19,"(240, 480]"
264761,2022-02-23,2072.5,60,"(2000, 3000]"
268412,2022-03-23,306.58,61,"(240, 480]"
261668,2022-01-26,2084.84,264,"(2000, 3000]"
264826,2022-02-24,1851.57,248,"(1000, 2000]"
267613,2022-03-16,139.55,229,"(120, 240]"
262377,2022-02-02,664.69,264,"(480, 1000]"
261777,2022-01-27,4636.58,277,"(4000, 6000]"
261753,2022-01-27,61.86,31,"(60, 120]"
261158,2022-01-21,350.56,283,"(240, 480]"
262578,2022-02-03,230.21,4,"(120, 240]"
268811,2022-03-28,605.57,210,"(480, 1000]"
263859,2022-02-16,707.74,253,"(480, 1000]"
269843,2022-04-06,513.45,64,"(480, 1000]"
268529,2022-03-25,338.12,30,"(240, 480]"
268374,2022-03-23,94.44,221,"(60, 120]"
269485,2022-04-03,921.82,211,"(480, 1000]"
262406,2022-02-03,786.47,270,"(480, 1000]"
267898,2022-03-18,1681.59,220,"(1000, 2000]"
268796,2022-03-28,2221.4,61,"(2000, 3000]"
263293,2022-02-10,3823.68,257,"(3000, 4000]"
265310,2022-02-28,1482.72,232,"(1000, 2000]"
262487,2022-02-03,175.12,188,"(120, 240]"
271896,2022-04-25,342.24,188,"(240, 480]"
269040,2022-03-30,3186.64,215,"(3000, 4000]"
266731,2022-03-10,501.38,206,"(480, 1000]"
265967,2022-03-05,1604.26,238,"(1000, 2000]"
273034,2022-05-06,442.53,61,"(240, 480]"
268990,2022-03-30,2892.71,215,"(2000, 3000]"
272059,2022-04-26,15.68,16,"(0, 30]"
272035,2022-04-26,2087.6,188,"(2000, 3000]"
269064,2022-03-31,1787.32,172,"(1000, 2000]"
273371,2022-05-10,168.53,31,"(120, 240]"
270009,2022-04-07,327.83,179,"(240, 480]"
268800,2022-03-28,992.68,216,"(480, 1000]"
273464,2022-05-10,408.83,7,"(240, 480]"
272199,2022-04-28,728.88,91,"(480, 1000]"
273423,2022-05-10,5897.06,123,"(4000, 6000]"
266725,2022-03-10,831.28,92,"(480, 1000]"
266766,2022-03-11,3495.75,234,"(3000, 4000]"
271761,2022-04-24,1765.08,188,"(1000, 2000]"
263494,2022-02-13,798.04,258,"(480, 1000]"
269741,2022-04-05,4779.08,207,"(4000, 6000]"
266788,2022-03-11,1480.33,122,"(1000, 2000]"
271114,2022-04-17,183.72,153,"(120, 240]"
269898,2022-04-07,468.61,200,"(240, 480]"
275438,2022-05-30,67.24,154,"(60, 120]"
272965,2022-05-06,3596.11,178,"(3000, 4000]"
268558,2022-03-25,406.79,220,"(240, 480]"
266308,2022-03-07,57.78,238,"(30, 60]"
273126,2022-05-07,757.82,177,"(480, 1000]"
261737,2022-01-27,1464.07,277,"(1000, 2000]"
270460,2022-04-11,1399.33,92,"(1000, 2000]"
276490,2022-06-04,1165.84,30,"(1000, 2000]"
277728,2022-06-14,208.43,137,"(120, 240]"
263579,2022-02-14,536.89,214,"(480, 1000]"
276788,2022-06-06,977.72,131,"(480, 1000]"
275566,2022-05-31,448.38,153,"(240, 480]"
263759,2022-02-15,1560.21,258,"(1000, 2000]"
276562,2022-06-04,1060.53,93,"(1000, 2000]"
271950,2022-04-26,2250.91,188,"(2000, 3000]"
276938,2022-06-07,469.01,30,"(240, 480]"
266811,2022-03-11,213.7,91,"(120, 240]"
278280,2022-06-18,359.73,133,"(240, 480]"
269054,2022-03-31,1353.41,214,"(1000, 2000]"
261393,2022-01-24,2052.11,280,"(2000, 3000]"
277084,2022-06-08,4449.32,140,"(4000, 6000]"
280689,2022-07-07,1268.17,108,"(1000, 2000]"
278115,2022-06-17,241.26,130,"(240, 480]"
279738,2022-06-29,3017.7,123,"(3000, 4000]"
281787,2022-07-16,1748.28,106,"(1000, 2000]"
280772,2022-07-08,829.35,63,"(480, 1000]"
282669,2022-07-26,6.27,97,"(0, 30]"
260334,2022-01-14,26.16,97,"(0, 30]"
268090,2022-03-20,464.77,95,"(240, 480]"
277510,2022-06-12,43.36,97,"(30, 60]"
278788,2022-06-21,1535.78,132,"(1000, 2000]"
275624,2022-06-01,911.58,152,"(480, 1000]"
274498,2022-05-19,1971.96,163,"(1000, 2000]"
275449,2022-05-30,4435.74,154,"(4000, 6000]"
281753,2022-07-16,3834.28,107,"(3000, 4000]"
281796,2022-07-16,610.08,106,"(480, 1000]"
265130,2022-02-26,1463.98,247,"(1000, 2000]"
283720,2022-08-03,30.99,88,"(30, 60]"
261647,2022-01-26,1560.2,278,"(1000, 2000]"
283623,2022-08-02,401.19,83,"(240, 480]"
261790,2022-01-28,859.43,276,"(480, 1000]"
282088,2022-07-19,2480.95,31,"(2000, 3000]"
283730,2022-08-03,1109.71,31,"(1000, 2000]"
275741,2022-06-01,830.55,152,"(480, 1000]"
287180,2022-08-18,635.25,31,"(480, 1000]"
260813,2022-01-17,1184.5,283,"(1000, 2000]"
288142,2022-08-26,143.94,61,"(120, 240]"
286563,2022-08-16,322.54,74,"(240, 480]"
282542,2022-07-25,1871.14,97,"(1000, 2000]"
282430,2022-07-23,1007.57,100,"(1000, 2000]"
285411,2022-08-14,3554.64,78,"(3000, 4000]"
288315,2022-08-27,1394.02,65,"(1000, 2000]"
282586,2022-07-25,1767.51,97,"(1000, 2000]"
289263,2022-09-03,259.6,30,"(240, 480]"
284067,2022-08-05,178.52,87,"(120, 240]"
274781,2022-05-23,3119.97,136,"(3000, 4000]"
282273,2022-07-21,1822.54,102,"(1000, 2000]"
281294,2022-07-12,1667.43,61,"(1000, 2000]"
262569,2022-02-03,2613.07,243,"(2000, 3000]"
284566,2022-08-09,141.49,33,"(120, 240]"
281671,2022-07-15,2667.74,101,"(2000, 3000]"
272887,2022-05-05,309.79,139,"(240, 480]"
266187,2022-03-07,3040.95,101,"(3000, 4000]"
285406,2022-08-14,1412.82,78,"(1000, 2000]"
261819,2022-01-28,1940.23,276,"(1000, 2000]"
290496,2022-09-13,857.95,40,"(480, 1000]"
282218,2022-07-21,107.6,102,"(60, 120]"
261519,2022-01-25,1214.81,277,"(1000, 2000]"
269570,2022-04-04,1483.24,210,"(1000, 2000]"
282929,2022-07-29,83.75,94,"(60, 120]"
274893,2022-05-24,319.06,41,"(240, 480]"
292428,2022-09-28,492.45,33,"(480, 1000]"
265337,2022-02-28,1480.02,245,"(1000, 2000]"
275276,2022-05-28,1805,156,"(1000, 2000]"
291626,2022-09-22,1409.81,36,"(1000, 2000]"
290206,2022-09-11,441.13,12,"(240, 480]"
278764,2022-06-21,3281.65,131,"(3000, 4000]"
277953,2022-06-15,753.97,138,"(480, 1000]"
291744,2022-09-22,825.1,33,"(480, 1000]"
284482,2022-08-08,2021.56,73,"(2000, 3000]"
284954,2022-08-11,1535.6,79,"(1000, 2000]"
293894,2022-10-09,828.82,20,"(480, 1000]"
281993,2022-07-18,1588.5,105,"(1000, 2000]"
293083,2022-10-03,2691.3,24,"(2000, 3000]"
271519,2022-04-21,3094.09,187,"(3000, 4000]"
291576,2022-09-21,733.59,40,"(480, 1000]"
261674,2022-01-26,543.02,278,"(480, 1000]"
292151,2022-09-26,2341.61,32,"(2000, 3000]"
274825,2022-05-23,2625.86,161,"(2000, 3000]"
283406,2022-08-01,1293.85,87,"(1000, 2000]"
272510,2022-05-01,2672.81,181,"(2000, 3000]"
269110,2022-03-31,1053.88,33,"(1000, 2000]"
295829,2022-10-23,117.65,7,"(60, 120]"
295890,2022-10-24,38.27,5,"(30, 60]"
292572,2022-09-29,2009.62,32,"(2000, 3000]"
260910,2022-01-19,1597.63,285,"(1000, 2000]"
296033,2022-10-25,87.08,5,"(60, 120]"
294189,2022-10-11,524.82,3,"(480, 1000]"
288269,2022-08-27,1449.38,65,"(1000, 2000]"
260321,2022-01-13,873.63,289,"(480, 1000]"
260494,2022-01-15,360.68,31,"(240, 480]"
261610,2022-01-26,272.66,278,"(240, 480]"
261615,2022-01-26,5.4,0,"(0, 30]"
260952,2022-01-19,902.97,285,"(480, 1000]"
261359,2022-01-23,951.02,281,"(480, 1000]"
259865,2022-01-10,1075.75,61,"(1000, 2000]"
262738,2022-02-05,279.36,266,"(240, 480]"
264699,2022-02-23,214.36,28,"(120, 240]"
266462,2022-03-08,149.81,153,"(120, 240]"
266099,2022-03-06,26.97,239,"(0, 30]"
268989,2022-03-30,2047.22,215,"(2000, 3000]"
272261,2022-04-28,939.65,181,"(480, 1000]"
272282,2022-04-28,56.2,179,"(30, 60]"
265789,2022-03-03,372.34,239,"(240, 480]"
270599,2022-04-12,2576.8,63,"(2000, 3000]"
264295,2022-02-20,3198.29,193,"(3000, 4000]"
275362,2022-05-29,160,153,"(120, 240]"
276708,2022-06-06,567.42,7,"(480, 1000]"
274276,2022-05-17,164.2,123,"(120, 240]"
263076,2022-02-08,2833.91,264,"(2000, 3000]"
261590,2022-01-25,987.11,277,"(480, 1000]"
280324,2022-07-04,1460.23,117,"(1000, 2000]"
270988,2022-04-16,483.96,92,"(480, 1000]"
275129,2022-05-26,2047.74,158,"(2000, 3000]"
280207,2022-07-03,1707.88,113,"(1000, 2000]"
275490,2022-05-31,326.63,153,"(240, 480]"
267916,2022-03-19,3181.89,226,"(3000, 4000]"
284063,2022-08-05,53.32,87,"(30, 60]"
283809,2022-08-04,675.97,31,"(480, 1000]"
284342,2022-08-08,6.47,3,"(0, 30]"
272838,2022-05-04,1003.69,180,"(1000, 2000]"
286717,2022-08-17,502.46,73,"(480, 1000]"
267114,2022-03-13,1233.03,232,"(1000, 2000]"
278177,2022-06-17,491.37,136,"(480, 1000]"
286607,2022-08-16,240.87,31,"(240, 480]"
269975,2022-04-07,557.45,200,"(480, 1000]"
284531,2022-08-09,1321.64,79,"(1000, 2000]"
269959,2022-04-07,452.07,158,"(240, 480]"
289047,2022-09-01,1597.56,53,"(1000, 2000]"
282687,2022-07-26,541.49,97,"(480, 1000]"
288791,2022-08-30,175.06,62,"(120, 240]"
287565,2022-08-22,1123.85,31,"(1000, 2000]"
269068,2022-03-31,262.96,214,"(240, 480]"
282638,2022-07-26,464.56,92,"(240, 480]"
289609,2022-09-06,161.63,55,"(120, 240]"
293324,2022-10-05,924.18,20,"(480, 1000]"
265519,2022-03-01,1594.05,244,"(1000, 2000]"
292815,2022-10-01,1905.13,29,"(1000, 2000]"
274572,2022-05-20,972.46,163,"(480, 1000]"
293564,2022-10-06,921.89,24,"(480, 1000]"
295256,2022-10-19,1108.5,12,"(1000, 2000]"
292139,2022-09-26,205.2,15,"(120, 240]"
289232,2022-09-02,181.29,53,"(120, 240]"
291214,2022-09-18,0.4,41,"(0, 30]"
272906,2022-05-05,318.87,175,"(240, 480]"
295817,2022-10-23,20.98,5,"(0, 30]"
258822,2022-01-01,382.31,31,"(240, 480]"
259506,2022-01-06,522.05,292,"(480, 1000]"
261183,2022-01-21,581.68,283,"(480, 1000]"
259054,2022-01-03,69.39,277,"(60, 120]"
262596,2022-02-04,1401.26,181,"(1000, 2000]"
260593,2022-01-16,2245.26,287,"(2000, 3000]"
264514,2022-02-21,2605.91,89,"(2000, 3000]"
266544,2022-03-09,462.64,235,"(240, 480]"
263008,2022-02-08,379.17,215,"(240, 480]"
268641,2022-03-26,728.91,219,"(480, 1000]"
269653,2022-04-04,412.21,91,"(240, 480]"
269771,2022-04-05,861.2,208,"(480, 1000]"
265110,2022-02-26,1028.24,246,"(1000, 2000]"
270957,2022-04-16,1320.94,30,"(1000, 2000]"
269984,2022-04-07,1649.07,194,"(1000, 2000]"
262992,2022-02-07,642.57,89,"(480, 1000]"
266548,2022-03-09,2348.78,61,"(2000, 3000]"
261771,2022-01-27,882.24,277,"(480, 1000]"
260916,2022-01-19,523.27,279,"(480, 1000]"
268331,2022-03-22,2865.86,223,"(2000, 3000]"
272437,2022-04-30,742.41,31,"(480, 1000]"
261905,2022-01-29,4961.14,271,"(4000, 6000]"
266012,2022-03-06,3758.36,220,"(3000, 4000]"
276990,2022-06-08,243.41,12,"(240, 480]"
271352,2022-04-20,125.14,29,"(120, 240]"
261412,2022-01-24,3224.16,280,"(3000, 4000]"
277866,2022-06-15,2561.05,137,"(2000, 3000]"
278344,2022-06-18,461.34,135,"(240, 480]"
261086,2022-01-20,490.77,284,"(480, 1000]"
279881,2022-06-30,246.24,119,"(240, 480]"
262714,2022-02-05,917.04,181,"(480, 1000]"
275033,2022-05-25,1769.81,155,"(1000, 2000]"
268985,2022-03-30,2908.19,214,"(2000, 3000]"
271664,2022-04-23,1582.1,153,"(1000, 2000]"
260465,2022-01-14,3724.39,290,"(3000, 4000]"
281522,2022-07-14,1063.43,101,"(1000, 2000]"
282291,2022-07-22,1574.98,101,"(1000, 2000]"
282336,2022-07-22,559.85,100,"(480, 1000]"
281989,2022-07-18,353.32,105,"(240, 480]"
264228,2022-02-19,859.27,103,"(480, 1000]"
277398,2022-06-11,1412.02,141,"(1000, 2000]"
278283,2022-06-18,5234.02,134,"(4000, 6000]"
261828,2022-01-28,1577.26,223,"(1000, 2000]"
284487,2022-08-08,1357.44,31,"(1000, 2000]"
268473,2022-03-24,1491.28,221,"(1000, 2000]"
268242,2022-03-21,1989.52,197,"(1000, 2000]"
285670,2022-08-15,464.9,31,"(240, 480]"
265714,2022-03-03,59.15,242,"(30, 60]"
260915,2022-01-19,727.87,279,"(480, 1000]"
266332,2022-03-08,1601.54,237,"(1000, 2000]"
282915,2022-07-28,582.65,95,"(480, 1000]"
259494,2022-01-06,918.37,280,"(480, 1000]"
277499,2022-06-12,1600.52,141,"(1000, 2000]"
292576,2022-09-29,309.21,32,"(240, 480]"
280345,2022-07-05,1453.03,31,"(1000, 2000]"
271991,2022-04-26,2924.54,188,"(2000, 3000]"
290746,2022-09-14,1745.22,39,"(1000, 2000]"
261810,2022-01-28,977.35,276,"(480, 1000]"
274798,2022-05-23,1929.08,161,"(1000, 2000]"
294193,2022-10-11,524.53,20,"(480, 1000]"
260684,2022-01-16,830.05,284,"(480, 1000]"
268348,2022-03-22,188.56,221,"(120, 240]"
288923,2022-08-31,879.84,58,"(480, 1000]"
287143,2022-08-18,3087.6,73,"(3000, 4000]"
258916,2022-01-02,537.84,302,"(480, 1000]"
258803,2022-01-01,619.64,303,"(480, 1000]"
258862,2022-01-01,639.4,303,"(480, 1000]"
258865,2022-01-01,318.38,303,"(240, 480]"
258878,2022-01-01,133.76,303,"(120, 240]"
258984,2022-01-02,434.65,302,"(240, 480]"
259011,2022-01-02,809.57,36,"(480, 1000]"
258955,2022-01-02,408.46,301,"(240, 480]"
259106,2022-01-03,2861.73,301,"(2000, 3000]"
258922,2022-01-02,194.93,300,"(120, 240]"
258883,2022-01-01,30,303,"(0, 30]"
259209,2022-01-04,245.2,300,"(240, 480]"
259026,2022-01-02,544.59,151,"(480, 1000]"
259258,2022-01-04,1400.16,300,"(1000, 2000]"
259268,2022-01-04,1393.56,31,"(1000, 2000]"
259429,2022-01-06,1338.53,298,"(1000, 2000]"
259447,2022-01-06,199.83,298,"(120, 240]"
259534,2022-01-06,10.42,90,"(0, 30]"
259510,2022-01-06,173.98,59,"(120, 240]"
259261,2022-01-04,16.6,20,"(0, 30]"
259635,2022-01-07,42.22,297,"(30, 60]"
259684,2022-01-08,188.82,296,"(120, 240]"
259702,2022-01-08,995.37,296,"(480, 1000]"
259260,2022-01-04,69.49,296,"(60, 120]"
259482,2022-01-06,429.04,8,"(240, 480]"
259727,2022-01-08,489.01,296,"(480, 1000]"
259777,2022-01-09,442.18,295,"(240, 480]"
258980,2022-01-02,338.47,296,"(240, 480]"
258971,2022-01-02,242.53,31,"(240, 480]"
259731,2022-01-08,149.64,59,"(120, 240]"
259664,2022-01-08,201.42,294,"(120, 240]"
259938,2022-01-10,842.07,59,"(480, 1000]"
259952,2022-01-10,542.63,294,"(480, 1000]"
259965,2022-01-10,230.81,294,"(120, 240]"
260029,2022-01-11,395.02,293,"(240, 480]"
259953,2022-01-10,997.84,294,"(480, 1000]"
259959,2022-01-10,1003.83,294,"(1000, 2000]"
259689,2022-01-08,14.58,59,"(0, 30]"
259973,2022-01-11,46.44,31,"(30, 60]"
259756,2022-01-08,171.58,26,"(120, 240]"
260132,2022-01-12,1145.01,292,"(1000, 2000]"
260168,2022-01-12,2027.99,292,"(2000, 3000]"
260181,2022-01-12,267.52,292,"(240, 480]"
260217,2022-01-13,116.5,291,"(60, 120]"
259862,2022-01-09,6.57,295,"(0, 30]"
260192,2022-01-12,573.06,291,"(480, 1000]"
259996,2022-01-11,1430.98,243,"(1000, 2000]"
260291,2022-01-13,338.78,291,"(240, 480]"
260324,2022-01-13,416.36,31,"(240, 480]"
260211,2022-01-13,573.43,59,"(480, 1000]"
259464,2022-01-06,26.83,31,"(0, 30]"
260423,2022-01-14,253.88,290,"(240, 480]"
259283,2022-01-04,1727.27,295,"(1000, 2000]"
260486,2022-01-15,2027.66,288,"(2000, 3000]"
260649,2022-01-16,2422.94,288,"(2000, 3000]"
260578,2022-01-15,311.12,289,"(240, 480]"
260707,2022-01-17,166.6,287,"(120, 240]"
260792,2022-01-17,729.68,21,"(480, 1000]"
260815,2022-01-17,677.26,287,"(480, 1000]"
260335,2022-01-14,261.95,290,"(240, 480]"
260829,2022-01-18,689.74,286,"(480, 1000]"
260329,2022-01-13,422.39,286,"(240, 480]"
260834,2022-01-18,170.23,286,"(120, 240]"
260842,2022-01-18,380.14,286,"(240, 480]"
259549,2022-01-07,633.57,294,"(480, 1000]"
260664,2022-01-16,547.82,286,"(480, 1000]"
259262,2022-01-04,992.82,293,"(480, 1000]"
260909,2022-01-18,45.54,31,"(30, 60]"
260920,2022-01-19,799.98,285,"(480, 1000]"
260572,2022-01-15,1521.87,285,"(1000, 2000]"
260898,2022-01-18,636.28,31,"(480, 1000]"
260968,2022-01-19,1214.16,285,"(1000, 2000]"
260988,2022-01-19,208.03,285,"(120, 240]"
260991,2022-01-19,107.6,285,"(60, 120]"
261039,2022-01-20,6.68,284,"(0, 30]"
261073,2022-01-20,2030.46,240,"(2000, 3000]"
261061,2022-01-20,268.71,284,"(240, 480]"
260216,2022-01-13,66.99,283,"(60, 120]"
259483,2022-01-06,97.96,283,"(60, 120]"
261110,2022-01-21,279.36,283,"(240, 480]"
261173,2022-01-21,392.38,283,"(240, 480]"
261212,2022-01-22,3080.14,181,"(3000, 4000]"
260831,2022-01-18,155.27,282,"(120, 240]"
261268,2022-01-22,1001.54,31,"(1000, 2000]"
261295,2022-01-23,81.57,281,"(60, 120]"
261200,2022-01-21,14.78,283,"(0, 30]"
261374,2022-01-23,820.94,281,"(480, 1000]"
261072,2022-01-20,528.19,284,"(480, 1000]"
261389,2022-01-24,2.35,280,"(0, 30]"
261446,2022-01-24,1571.3,280,"(1000, 2000]"
259523,2022-01-06,223.06,279,"(120, 240]"
261291,2022-01-23,151.79,279,"(120, 240]"
261408,2022-01-24,326.56,279,"(240, 480]"
261552,2022-01-25,460.66,279,"(240, 480]"
260891,2022-01-18,467.55,286,"(240, 480]"
261565,2022-01-25,96.2,279,"(60, 120]"
261455,2022-01-24,265.84,31,"(240, 480]"
261585,2022-01-25,461.41,31,"(240, 480]"
261391,2022-01-24,477.82,26,"(240, 480]"
261603,2022-01-26,29.56,278,"(0, 30]"
260024,2022-01-11,320.05,278,"(240, 480]"
261538,2022-01-25,27.5,279,"(0, 30]"
261491,2022-01-24,1913.51,278,"(1000, 2000]"
261490,2022-01-24,135.87,280,"(120, 240]"
261518,2022-01-25,260.78,35,"(240, 480]"
261550,2022-01-25,1892.26,278,"(1000, 2000]"
261662,2022-01-26,108.85,278,"(60, 120]"
261661,2022-01-26,109.27,278,"(60, 120]"
259171,2022-01-04,222.8,90,"(120, 240]"
261679,2022-01-26,38.75,278,"(30, 60]"
261633,2022-01-26,181.74,278,"(120, 240]"
260698,2022-01-16,34.45,277,"(30, 60]"
261685,2022-01-26,1012.39,278,"(1000, 2000]"
261522,2022-01-25,1022.67,277,"(1000, 2000]"
260787,2022-01-17,153.61,278,"(120, 240]"
261654,2022-01-26,295.26,277,"(240, 480]"
261736,2022-01-27,19.6,4,"(0, 30]"
261288,2022-01-23,524.27,281,"(480, 1000]"
261755,2022-01-27,74.68,277,"(60, 120]"
261773,2022-01-27,681.39,31,"(480, 1000]"
261788,2022-01-27,115.87,145,"(60, 120]"
261724,2022-01-27,392.25,277,"(240, 480]"
261431,2022-01-24,54.1,13,"(30, 60]"
261750,2022-01-27,438.44,68,"(240, 480]"
261787,2022-01-27,66.44,276,"(60, 120]"
261822,2022-01-28,375.91,276,"(240, 480]"
261607,2022-01-26,60.59,278,"(60, 120]"
259781,2022-01-09,229.26,277,"(120, 240]"
261809,2022-01-28,587.44,276,"(480, 1000]"
261817,2022-01-28,680.43,276,"(480, 1000]"
261184,2022-01-21,748.18,277,"(480, 1000]"
261644,2022-01-26,432.28,278,"(240, 480]"
261323,2022-01-23,329.72,277,"(240, 480]"
261979,2022-01-29,1036.32,89,"(1000, 2000]"
262198,2022-02-01,224.75,28,"(120, 240]"
261177,2022-01-21,19,283,"(0, 30]"
261658,2022-01-26,678.17,278,"(480, 1000]"
262273,2022-02-01,253.22,272,"(240, 480]"
262288,2022-02-01,1.42,272,"(0, 30]"
261608,2022-01-26,286.65,271,"(240, 480]"
262297,2022-02-01,195.96,272,"(120, 240]"
261337,2022-01-23,957.45,277,"(480, 1000]"
261417,2022-01-24,696.1,280,"(480, 1000]"
261813,2022-01-28,1244.96,276,"(1000, 2000]"
261690,2022-01-26,576.74,278,"(480, 1000]"
261831,2022-01-28,2,21,"(0, 30]"
262599,2022-02-04,1727.44,269,"(1000, 2000]"
262648,2022-02-04,133.1,269,"(120, 240]"
262750,2022-02-05,241.55,59,"(240, 480]"
262792,2022-02-05,1307.79,89,"(1000, 2000]"
262826,2022-02-06,372.42,267,"(240, 480]"
262068,2022-01-30,474.78,273,"(240, 480]"
262861,2022-02-06,305.31,267,"(240, 480]"
261367,2022-01-23,280.85,281,"(240, 480]"
261621,2022-01-26,47.63,278,"(30, 60]"
261554,2022-01-25,433.38,266,"(240, 480]"
261138,2022-01-21,118.67,276,"(60, 120]"
262944,2022-02-07,7.38,266,"(0, 30]"
262955,2022-02-07,357,266,"(240, 480]"
262967,2022-02-07,354.16,28,"(240, 480]"
262421,2022-02-03,80.68,270,"(60, 120]"
262224,2022-02-01,903.55,272,"(480, 1000]"
263000,2022-02-07,401.95,266,"(240, 480]"
262817,2022-02-06,1307.86,267,"(1000, 2000]"
263104,2022-02-08,263.85,154,"(240, 480]"
263118,2022-02-08,288.06,265,"(240, 480]"
263126,2022-02-08,508.43,28,"(480, 1000]"
262550,2022-02-03,314.94,270,"(240, 480]"
262726,2022-02-05,184.87,264,"(120, 240]"
263216,2022-02-09,269.94,264,"(240, 480]"
263210,2022-02-09,207.77,120,"(120, 240]"
261883,2022-01-28,537.99,150,"(480, 1000]"
263146,2022-02-09,52.64,263,"(30, 60]"
263321,2022-02-11,1181.63,262,"(1000, 2000]"
263392,2022-02-11,748.16,262,"(480, 1000]"
263112,2022-02-08,671.61,59,"(480, 1000]"
263300,2022-02-10,322.16,261,"(240, 480]"
263296,2022-02-10,522.24,263,"(480, 1000]"
263472,2022-02-12,175.66,261,"(120, 240]"
263483,2022-02-13,12.97,260,"(0, 30]"
261791,2022-01-28,117.12,276,"(60, 120]"
263364,2022-02-11,163,28,"(120, 240]"
263545,2022-02-13,128.15,260,"(120, 240]"
263564,2022-02-13,1233.55,260,"(1000, 2000]"
263531,2022-02-13,2045.24,260,"(2000, 3000]"
262457,2022-02-03,491.55,28,"(480, 1000]"
261768,2022-01-27,95.53,277,"(60, 120]"
263551,2022-02-13,204.66,28,"(120, 240]"
263690,2022-02-14,3436.85,242,"(3000, 4000]"
263692,2022-02-14,53.48,259,"(30, 60]"
260774,2022-01-17,313.03,28,"(240, 480]"
263776,2022-02-15,18.73,258,"(0, 30]"
263363,2022-02-11,263.87,258,"(240, 480]"
263536,2022-02-13,42.25,28,"(30, 60]"
263791,2022-02-15,347.64,89,"(240, 480]"
263842,2022-02-16,344.22,257,"(240, 480]"
261567,2022-01-25,1289.05,279,"(1000, 2000]"
263798,2022-02-15,436.52,257,"(240, 480]"
263933,2022-02-17,15.07,256,"(0, 30]"
263942,2022-02-17,541.27,28,"(480, 1000]"
263388,2022-02-11,693.46,255,"(480, 1000]"
258930,2022-01-02,171.11,254,"(120, 240]"
264253,2022-02-19,788.94,76,"(480, 1000]"
264290,2022-02-20,360.36,253,"(240, 480]"
264259,2022-02-19,669.8,89,"(480, 1000]"
263497,2022-02-13,144.83,253,"(120, 240]"
264316,2022-02-20,0.95,1,"(0, 30]"
263650,2022-02-14,1653.56,253,"(1000, 2000]"
264391,2022-02-21,34.82,59,"(30, 60]"
263920,2022-02-17,226.57,252,"(120, 240]"
264513,2022-02-21,113.46,252,"(60, 120]"
262412,2022-02-03,1929.14,251,"(1000, 2000]"
264677,2022-02-23,124.47,250,"(120, 240]"
264746,2022-02-23,1021.36,28,"(1000, 2000]"
264549,2022-02-22,812.47,249,"(480, 1000]"
264131,2022-02-18,3808.94,249,"(3000, 4000]"
263496,2022-02-13,1627.16,254,"(1000, 2000]"
264916,2022-02-24,2698.32,249,"(2000, 3000]"
264572,2022-02-22,885.45,248,"(480, 1000]"
265044,2022-02-25,552.51,248,"(480, 1000]"
264696,2022-02-23,513.97,250,"(480, 1000]"
264291,2022-02-20,172.94,120,"(120, 240]"
264400,2022-02-21,903.23,248,"(480, 1000]"
264502,2022-02-21,67.29,151,"(60, 120]"
265106,2022-02-26,64.39,247,"(60, 120]"
265201,2022-02-27,120.45,246,"(120, 240]"
265093,2022-02-26,434.41,246,"(240, 480]"
265218,2022-02-27,348.68,246,"(240, 480]"
265339,2022-02-28,268.46,245,"(240, 480]"
264118,2022-02-18,88.76,251,"(60, 120]"
265390,2022-02-28,64.4,245,"(60, 120]"
265025,2022-02-25,190.37,245,"(120, 240]"
265182,2022-02-27,34.63,70,"(30, 60]"
265023,2022-02-25,327.98,245,"(240, 480]"
265424,2022-02-28,131.71,28,"(120, 240]"
265317,2022-02-28,974,103,"(480, 1000]"
261783,2022-01-27,172.47,277,"(120, 240]"
265483,2022-03-01,78.55,31,"(60, 120]"
265302,2022-02-28,317.68,31,"(240, 480]"
264049,2022-02-17,667.88,249,"(480, 1000]"
265581,2022-03-02,5.38,243,"(0, 30]"
265578,2022-03-02,704.73,243,"(480, 1000]"
265572,2022-03-01,994.43,243,"(480, 1000]"
263661,2022-02-14,1064.09,247,"(1000, 2000]"
263677,2022-02-14,39.98,243,"(30, 60]"
261349,2022-01-23,590.65,281,"(480, 1000]"
265176,2022-02-27,400.03,241,"(240, 480]"
265813,2022-03-04,856.53,241,"(480, 1000]"
260954,2022-01-19,1539.2,285,"(1000, 2000]"
265879,2022-03-04,457.09,241,"(240, 480]"
265686,2022-03-02,262.05,241,"(240, 480]"
265970,2022-03-05,777.45,240,"(480, 1000]"
265241,2022-02-27,34.93,106,"(30, 60]"
265489,2022-03-01,42.91,239,"(30, 60]"
266123,2022-03-06,45.36,31,"(30, 60]"
266136,2022-03-07,18.79,238,"(0, 30]"
260861,2022-01-18,748.27,238,"(480, 1000]"
265653,2022-03-02,495.3,238,"(480, 1000]"
266325,2022-03-08,411.67,122,"(240, 480]"
266402,2022-03-08,169.46,237,"(120, 240]"
265918,2022-03-04,69.49,241,"(60, 120]"
265902,2022-03-04,29.52,61,"(0, 30]"
266366,2022-03-08,148.56,236,"(120, 240]"
261558,2022-01-25,357.84,279,"(240, 480]"
266455,2022-03-08,132.97,236,"(120, 240]"
266410,2022-03-08,131.48,236,"(120, 240]"
266603,2022-03-09,304.75,235,"(240, 480]"
266489,2022-03-09,140.15,235,"(120, 240]"
266549,2022-03-09,317.75,31,"(240, 480]"
263845,2022-02-16,182.04,61,"(120, 240]"
266249,2022-03-07,288.97,235,"(240, 480]"
266615,2022-03-10,53.15,61,"(30, 60]"
265449,2022-03-01,544.05,237,"(480, 1000]"
266810,2022-03-11,277.63,234,"(240, 480]"
266485,2022-03-09,57.34,234,"(30, 60]"
266693,2022-03-10,1167.68,235,"(1000, 2000]"
266875,2022-03-11,276.37,234,"(240, 480]"
266614,2022-03-09,1767.55,234,"(1000, 2000]"
266316,2022-03-08,1029.12,233,"(1000, 2000]"
263529,2022-02-13,693.99,233,"(480, 1000]"
267011,2022-03-12,599.09,233,"(480, 1000]"
267010,2022-03-12,1466.12,233,"(1000, 2000]"
266616,2022-03-10,545.86,232,"(480, 1000]"
266106,2022-03-06,44.33,232,"(30, 60]"
266496,2022-03-09,85.17,231,"(60, 120]"
264081,2022-02-18,1450.94,250,"(1000, 2000]"
266754,2022-03-11,661.77,231,"(480, 1000]"
267203,2022-03-14,1113.12,231,"(1000, 2000]"
266095,2022-03-06,1141.78,31,"(1000, 2000]"
267254,2022-03-14,9.98,61,"(0, 30]"
266108,2022-03-06,70.74,231,"(60, 120]"
264687,2022-02-23,494.81,233,"(480, 1000]"
266584,2022-03-09,385.5,230,"(240, 480]"
261589,2022-01-25,12.47,276,"(0, 30]"
267358,2022-03-15,312.43,61,"(240, 480]"
267546,2022-03-16,183.05,214,"(120, 240]"
267048,2022-03-13,58.76,229,"(30, 60]"
267558,2022-03-16,810.82,228,"(480, 1000]"
267778,2022-03-18,271.81,31,"(240, 480]"
267721,2022-03-17,1262.95,153,"(1000, 2000]"
267765,2022-03-17,732.39,227,"(480, 1000]"
261680,2022-01-26,740.94,228,"(480, 1000]"
267026,2022-03-12,988.85,227,"(480, 1000]"
267854,2022-03-18,728.42,227,"(480, 1000]"
267919,2022-03-19,360.43,226,"(240, 480]"
260855,2022-01-18,160.93,286,"(120, 240]"
267515,2022-03-16,107.44,227,"(60, 120]"
268045,2022-03-20,1190.59,225,"(1000, 2000]"
265250,2022-02-27,2096.14,120,"(2000, 3000]"
267949,2022-03-19,197.83,225,"(120, 240]"
263934,2022-02-17,484.64,153,"(480, 1000]"
263501,2022-02-13,53.37,259,"(30, 60]"
268226,2022-03-21,297.8,31,"(240, 480]"
268046,2022-03-20,125.97,26,"(120, 240]"
268344,2022-03-22,783.8,223,"(480, 1000]"
262119,2022-01-31,10.33,273,"(0, 30]"
268389,2022-03-23,375.1,222,"(240, 480]"
268263,2022-03-22,1251.35,34,"(1000, 2000]"
268408,2022-03-23,247.95,222,"(240, 480]"
268293,2022-03-22,1283.83,222,"(1000, 2000]"
267643,2022-03-17,893.52,222,"(480, 1000]"
268373,2022-03-23,477.15,222,"(240, 480]"
267498,2022-03-16,256.46,214,"(240, 480]"
268352,2022-03-22,918.87,223,"(480, 1000]"
267106,2022-03-13,1149.51,228,"(1000, 2000]"
268465,2022-03-24,368.84,221,"(240, 480]"
268113,2022-03-20,978.68,212,"(480, 1000]"
268510,2022-03-24,356,221,"(240, 480]"
267391,2022-03-15,75.69,221,"(60, 120]"
268527,2022-03-25,138.52,220,"(120, 240]"
268553,2022-03-25,190.72,220,"(120, 240]"
268129,2022-03-20,899.45,184,"(480, 1000]"
268584,2022-03-25,684.51,220,"(480, 1000]"
267195,2022-03-14,257.12,220,"(240, 480]"
268600,2022-03-26,332.59,219,"(240, 480]"
268104,2022-03-20,180.53,220,"(120, 240]"
268409,2022-03-23,831.34,31,"(480, 1000]"
268147,2022-03-21,268.66,219,"(240, 480]"
265101,2022-02-26,1372.37,219,"(1000, 2000]"
259533,2022-01-06,1172.66,218,"(1000, 2000]"
265196,2022-02-27,166.9,61,"(120, 240]"
268714,2022-03-27,606.7,218,"(480, 1000]"
268779,2022-03-28,126.63,217,"(120, 240]"
268764,2022-03-28,2690.25,217,"(2000, 3000]"
261582,2022-01-25,55.16,217,"(30, 60]"
268736,2022-03-27,40.38,217,"(30, 60]"
268511,2022-03-24,135.95,220,"(120, 240]"
268876,2022-03-29,15.4,216,"(0, 30]"
268485,2022-03-24,214.31,1,"(120, 240]"
268718,2022-03-27,347.19,216,"(240, 480]"
268701,2022-03-27,68.95,1,"(60, 120]"
264368,2022-02-20,19.21,216,"(0, 30]"
268792,2022-03-28,188.02,215,"(120, 240]"
268053,2022-03-20,376.68,224,"(240, 480]"
268940,2022-03-30,1010.31,215,"(1000, 2000]"
268768,2022-03-28,494.97,216,"(480, 1000]"
269000,2022-03-30,645.29,215,"(480, 1000]"
269010,2022-03-30,1226.27,215,"(1000, 2000]"
269016,2022-03-30,165.03,215,"(120, 240]"
268618,2022-03-26,1086.58,215,"(1000, 2000]"
268742,2022-03-28,77.76,217,"(60, 120]"
269070,2022-03-31,1141.39,214,"(1000, 2000]"
269047,2022-03-30,470.9,31,"(240, 480]"
262148,2022-01-31,67.4,214,"(60, 120]"
265906,2022-03-04,131.87,214,"(120, 240]"
268922,2022-03-29,962.74,215,"(480, 1000]"
268866,2022-03-29,485.24,216,"(480, 1000]"
268978,2022-03-30,3014.3,215,"(3000, 4000]"
261670,2022-01-26,282.87,278,"(240, 480]"
269188,2022-04-01,40.87,61,"(30, 60]"
261735,2022-01-27,1157.63,277,"(1000, 2000]"
268908,2022-03-29,8.53,214,"(0, 30]"
269038,2022-03-30,500.86,215,"(480, 1000]"
268962,2022-03-30,1191.86,215,"(1000, 2000]"
269220,2022-04-01,227.54,61,"(120, 240]"
265165,2022-02-26,57.65,212,"(30, 60]"
268929,2022-03-30,107.51,214,"(60, 120]"
269492,2022-04-03,588.65,211,"(480, 1000]"
269594,2022-04-04,181.42,210,"(120, 240]"
269174,2022-04-01,5.01,213,"(0, 30]"
269013,2022-03-30,753.93,210,"(480, 1000]"
269549,2022-04-04,875.47,210,"(480, 1000]"
269670,2022-04-05,218.13,209,"(120, 240]"
269050,2022-03-30,329.44,215,"(240, 480]"
261293,2022-01-23,441.4,281,"(240, 480]"
269633,2022-04-04,116.35,67,"(60, 120]"
261390,2022-01-24,533.75,280,"(480, 1000]"
268903,2022-03-29,271.95,216,"(240, 480]"
269744,2022-04-05,907.42,91,"(480, 1000]"
264998,2022-02-25,2.53,1,"(0, 30]"
269036,2022-03-30,113.41,214,"(60, 120]"
269066,2022-03-31,1867.89,214,"(1000, 2000]"
269662,2022-04-04,145.38,208,"(120, 240]"
268647,2022-03-26,2.72,217,"(0, 30]"
262386,2022-02-02,332.13,215,"(240, 480]"
269120,2022-03-31,10.35,214,"(0, 30]"
269894,2022-04-07,19.78,183,"(0, 30]"
269934,2022-04-07,922.42,207,"(480, 1000]"
269978,2022-04-07,339.34,207,"(240, 480]"
269470,2022-04-03,246.12,208,"(240, 480]"
270000,2022-04-07,151.61,91,"(120, 240]"
265005,2022-02-25,525.84,207,"(480, 1000]"
269862,2022-04-06,121.14,208,"(120, 240]"
270003,2022-04-07,162.22,207,"(120, 240]"
261325,2022-01-23,366.77,31,"(240, 480]"
270022,2022-04-08,805.45,206,"(480, 1000]"
268556,2022-03-25,851.33,30,"(480, 1000]"
269896,2022-04-07,90.87,207,"(60, 120]"
270098,2022-04-08,363.76,206,"(240, 480]"
269289,2022-04-01,307.28,206,"(240, 480]"
270135,2022-04-08,249.32,206,"(240, 480]"
270042,2022-04-08,2241.1,122,"(2000, 3000]"
269671,2022-04-05,465.35,205,"(240, 480]"
270265,2022-04-10,123.06,204,"(120, 240]"
270179,2022-04-09,1075.41,204,"(1000, 2000]"
270304,2022-04-10,58.93,1,"(30, 60]"
269501,2022-04-03,246.44,204,"(240, 480]"
270247,2022-04-09,794.93,127,"(480, 1000]"
269457,2022-04-03,6.67,205,"(0, 30]"
269519,2022-04-03,629.12,204,"(480, 1000]"
267843,2022-03-18,56.88,122,"(30, 60]"
270363,2022-04-10,255.42,105,"(240, 480]"
270455,2022-04-11,65.03,203,"(60, 120]"
269754,2022-04-05,323.31,203,"(240, 480]"
266477,2022-03-09,463.91,214,"(240, 480]"
270596,2022-04-12,554.35,202,"(480, 1000]"
268923,2022-03-29,456.38,216,"(240, 480]"
270602,2022-04-12,19.51,1,"(0, 30]"
262260,2022-02-01,179.61,153,"(120, 240]"
270616,2022-04-13,1462.2,201,"(1000, 2000]"
270670,2022-04-13,86,5,"(60, 120]"
270700,2022-04-13,611.54,33,"(480, 1000]"
269864,2022-04-06,236.26,201,"(120, 240]"
267174,2022-03-14,20.92,231,"(0, 30]"
270062,2022-04-08,171.93,200,"(120, 240]"
270784,2022-04-14,103.91,200,"(60, 120]"
269020,2022-03-30,263.36,215,"(240, 480]"
269130,2022-03-31,121.95,198,"(120, 240]"
270947,2022-04-16,20.47,2,"(0, 30]"
270244,2022-04-09,15.97,198,"(0, 30]"
265848,2022-03-04,289.65,200,"(240, 480]"
271015,2022-04-16,3048.12,198,"(3000, 4000]"
270474,2022-04-11,511.23,197,"(480, 1000]"
271035,2022-04-17,1532.96,197,"(1000, 2000]"
270263,2022-04-10,816.9,204,"(480, 1000]"
268420,2022-03-23,404.3,220,"(240, 480]"
269540,2022-04-03,2227.83,210,"(2000, 3000]"
270848,2022-04-15,105.45,91,"(60, 120]"
270324,2022-04-10,59.17,204,"(30, 60]"
270811,2022-04-14,185.91,200,"(120, 240]"
270824,2022-04-14,163.11,196,"(120, 240]"
270393,2022-04-11,641.86,70,"(480, 1000]"
271220,2022-04-18,191.73,196,"(120, 240]"
261692,2022-01-27,256.77,272,"(240, 480]"
268892,2022-03-29,1193.63,215,"(1000, 2000]"
271296,2022-04-19,58.41,30,"(30, 60]"
271326,2022-04-19,1871.19,194,"(1000, 2000]"
271388,2022-04-20,69.71,194,"(60, 120]"
269030,2022-03-30,97.58,215,"(60, 120]"
271228,2022-04-19,75.48,30,"(60, 120]"
270606,2022-04-12,1364.2,195,"(1000, 2000]"
270744,2022-04-14,956.56,61,"(480, 1000]"
271543,2022-04-22,1080.69,192,"(1000, 2000]"
271755,2022-04-24,44.33,190,"(30, 60]"
271760,2022-04-24,52,190,"(30, 60]"
271851,2022-04-25,759.33,189,"(480, 1000]"
271787,2022-04-24,66.7,189,"(60, 120]"
271310,2022-04-19,22.95,195,"(0, 30]"
271951,2022-04-26,15.4,188,"(0, 30]"
271083,2022-04-17,129.98,30,"(120, 240]"
270968,2022-04-16,167.1,194,"(120, 240]"
272001,2022-04-26,1298.41,30,"(1000, 2000]"
272063,2022-04-26,93.55,188,"(60, 120]"
271197,2022-04-18,143.3,189,"(120, 240]"
261990,2022-01-30,10.53,220,"(0, 30]"
272127,2022-04-27,4.48,6,"(0, 30]"
271243,2022-04-19,469.91,186,"(240, 480]"
271792,2022-04-24,315.77,25,"(240, 480]"
270833,2022-04-14,506.49,186,"(480, 1000]"
271617,2022-04-22,12.32,186,"(0, 30]"
271903,2022-04-25,803.15,186,"(480, 1000]"
269872,2022-04-06,514.22,30,"(480, 1000]"
272029,2022-04-26,1302.83,188,"(1000, 2000]"
272425,2022-04-30,435.41,184,"(240, 480]"
258956,2022-01-02,716.67,121,"(480, 1000]"
272157,2022-04-27,488.2,183,"(480, 1000]"
272543,2022-05-01,171.99,31,"(120, 240]"
271872,2022-04-25,333.69,186,"(240, 480]"
270671,2022-04-13,2884.06,185,"(2000, 3000]"
272659,2022-05-03,56.29,181,"(30, 60]"
270930,2022-04-15,708.9,192,"(480, 1000]"
272696,2022-05-03,217.13,181,"(120, 240]"
263307,2022-02-10,850.48,180,"(480, 1000]"
272616,2022-05-02,303.79,31,"(240, 480]"
261758,2022-01-27,52.4,277,"(30, 60]"
259491,2022-01-06,105.68,224,"(60, 120]"
272452,2022-04-30,456.75,180,"(240, 480]"
272961,2022-05-06,128.18,19,"(120, 240]"
266894,2022-03-11,67.5,234,"(60, 120]"
271806,2022-04-24,91.76,31,"(60, 120]"
271800,2022-04-24,1944.17,183,"(1000, 2000]"
272283,2022-04-28,716.7,179,"(480, 1000]"
272596,2022-05-02,1125.96,164,"(1000, 2000]"
273164,2022-05-08,27.99,31,"(0, 30]"
273131,2022-05-07,142.26,176,"(120, 240]"
273235,2022-05-08,118.5,176,"(60, 120]"
260616,2022-01-16,1315.3,288,"(1000, 2000]"
272128,2022-04-27,2.27,181,"(0, 30]"
260833,2022-01-18,144.53,153,"(120, 240]"
273060,2022-05-06,1723.69,172,"(1000, 2000]"
273654,2022-05-12,333.5,31,"(240, 480]"
273214,2022-05-08,84.5,176,"(60, 120]"
272923,2022-05-05,281.99,172,"(240, 480]"
273630,2022-05-12,665.92,172,"(480, 1000]"
272918,2022-05-05,301.28,31,"(240, 480]"
273839,2022-05-13,77.83,171,"(60, 120]"
273695,2022-05-12,177.58,153,"(120, 240]"
273249,2022-05-09,460.29,169,"(240, 480]"
274057,2022-05-15,605.88,169,"(480, 1000]"
273628,2022-05-12,128.18,172,"(120, 240]"
273846,2022-05-13,1120.48,168,"(1000, 2000]"
274163,2022-05-16,1019.1,168,"(1000, 2000]"
274166,2022-05-16,180.69,168,"(120, 240]"
274162,2022-05-16,1177.4,168,"(1000, 2000]"
274157,2022-05-16,470.05,61,"(240, 480]"
273523,2022-05-11,27.11,168,"(0, 30]"
273841,2022-05-13,1951.05,167,"(1000, 2000]"
274269,2022-05-17,213.65,167,"(120, 240]"
274382,2022-05-18,833.34,166,"(480, 1000]"
273544,2022-05-11,150.64,4,"(120, 240]"
274371,2022-05-18,265.07,31,"(240, 480]"
274438,2022-05-19,89.37,165,"(60, 120]"
274273,2022-05-17,601.34,167,"(480, 1000]"
274402,2022-05-19,96.53,123,"(60, 120]"
274536,2022-05-20,1139.87,164,"(1000, 2000]"
274576,2022-05-20,1419.12,164,"(1000, 2000]"
273329,2022-05-09,713.98,164,"(480, 1000]"
269541,2022-04-03,1627.69,164,"(1000, 2000]"
274631,2022-05-21,98.25,163,"(60, 120]"
274639,2022-05-21,31.9,163,"(30, 60]"
270367,2022-04-10,880.45,199,"(480, 1000]"
274652,2022-05-21,159.71,163,"(120, 240]"
273994,2022-05-15,9.88,163,"(0, 30]"
274501,2022-05-19,297.31,31,"(240, 480]"
267824,2022-03-18,21.23,162,"(0, 30]"
274838,2022-05-23,82.53,161,"(60, 120]"
271508,2022-04-21,215.38,164,"(120, 240]"
274189,2022-05-17,282.34,24,"(240, 480]"
274940,2022-05-24,179.47,160,"(120, 240]"
274951,2022-05-24,63.33,160,"(60, 120]"
260929,2022-01-19,340.87,159,"(240, 480]"
275049,2022-05-25,59.02,159,"(30, 60]"
275056,2022-05-25,192.67,159,"(120, 240]"
275069,2022-05-26,90.84,158,"(60, 120]"
275020,2022-05-25,1193.26,21,"(1000, 2000]"
274630,2022-05-21,185.7,161,"(120, 240]"
275112,2022-05-26,151.63,158,"(120, 240]"
275098,2022-05-26,165.31,8,"(120, 240]"
275154,2022-05-26,280.99,157,"(240, 480]"
275103,2022-05-26,253.87,157,"(240, 480]"
268857,2022-03-29,41.53,163,"(30, 60]"
275113,2022-05-26,67.46,158,"(60, 120]"
274879,2022-05-23,20.16,159,"(0, 30]"
275275,2022-05-28,324.94,156,"(240, 480]"
275277,2022-05-28,1605.15,156,"(1000, 2000]"
275092,2022-05-26,33.01,156,"(30, 60]"
274836,2022-05-23,89.19,158,"(60, 120]"
275273,2022-05-28,234.16,156,"(120, 240]"
274929,2022-05-24,815.74,33,"(480, 1000]"
261693,2022-01-27,553.68,156,"(480, 1000]"
273599,2022-05-11,10.37,1,"(0, 30]"
275343,2022-05-29,57.72,155,"(30, 60]"
275389,2022-05-30,234.15,154,"(120, 240]"
275286,2022-05-28,1124.92,155,"(1000, 2000]"
270183,2022-04-09,49.71,154,"(30, 60]"
275373,2022-05-29,57.22,155,"(30, 60]"
275498,2022-05-31,137.12,153,"(120, 240]"
274901,2022-05-24,354.88,154,"(240, 480]"
275442,2022-05-30,1903.36,154,"(1000, 2000]"
275132,2022-05-26,924.56,153,"(480, 1000]"
275552,2022-05-31,450.28,153,"(240, 480]"
275565,2022-05-31,13.65,1,"(0, 30]"
275039,2022-05-25,47.13,30,"(30, 60]"
275408,2022-05-30,83.79,153,"(60, 120]"
275503,2022-05-31,3.57,153,"(0, 30]"
272570,2022-05-02,389.69,152,"(240, 480]"
275644,2022-06-01,60.42,152,"(60, 120]"
275165,2022-05-27,736.01,152,"(480, 1000]"
275534,2022-05-31,70.78,152,"(60, 120]"
275253,2022-05-28,56.17,152,"(30, 60]"
267878,2022-03-18,92.77,152,"(60, 120]"
275684,2022-06-01,525.99,152,"(480, 1000]"
275513,2022-05-31,136.49,153,"(120, 240]"
275591,2022-05-31,443.98,153,"(240, 480]"
275413,2022-05-30,300.68,153,"(240, 480]"
275554,2022-05-31,361.92,153,"(240, 480]"
271054,2022-04-17,22.62,5,"(0, 30]"
275590,2022-05-31,1342.38,153,"(1000, 2000]"
275293,2022-05-28,104.56,155,"(60, 120]"
275572,2022-05-31,108.91,153,"(60, 120]"
274994,2022-05-25,484.3,152,"(480, 1000]"
275008,2022-05-25,191.36,155,"(120, 240]"
275574,2022-05-31,442.6,153,"(240, 480]"
274585,2022-05-20,30.05,164,"(30, 60]"
275788,2022-06-01,354.59,30,"(240, 480]"
275575,2022-05-31,60.3,5,"(60, 120]"
274475,2022-05-19,584.11,153,"(480, 1000]"
275592,2022-06-01,65,152,"(60, 120]"
275215,2022-05-27,140.18,151,"(120, 240]"
271125,2022-04-18,10.53,154,"(0, 30]"
275081,2022-05-26,58.91,158,"(30, 60]"
276232,2022-06-02,295.22,150,"(240, 480]"
275440,2022-05-30,93.67,152,"(60, 120]"
276420,2022-06-03,875.31,150,"(480, 1000]"
275548,2022-05-31,627.64,153,"(480, 1000]"
275100,2022-05-26,1604.8,153,"(1000, 2000]"
276261,2022-06-03,222.83,25,"(120, 240]"
275589,2022-05-31,108.28,152,"(60, 120]"
276480,2022-06-04,163.37,149,"(120, 240]"
268827,2022-03-28,902.79,217,"(480, 1000]"
270633,2022-04-13,683.56,30,"(480, 1000]"
275660,2022-06-01,18.66,152,"(0, 30]"
274278,2022-05-18,145.9,154,"(120, 240]"
264954,2022-02-25,681.84,30,"(480, 1000]"
276383,2022-06-03,107.28,148,"(60, 120]"
275518,2022-05-31,120.21,152,"(120, 240]"
276666,2022-06-05,44.19,148,"(30, 60]"
269937,2022-04-07,629.31,153,"(480, 1000]"
275516,2022-05-31,107.09,152,"(60, 120]"
275799,2022-06-01,411.36,150,"(240, 480]"
276265,2022-06-03,280.65,30,"(240, 480]"
268877,2022-03-29,22.37,216,"(0, 30]"
276783,2022-06-06,1722.24,122,"(1000, 2000]"
276857,2022-06-07,48.55,146,"(30, 60]"
274460,2022-05-19,665.45,146,"(480, 1000]"
276998,2022-06-08,456.6,145,"(240, 480]"
275598,2022-06-01,52.73,152,"(30, 60]"
277099,2022-06-08,250.86,145,"(240, 480]"
277135,2022-06-09,60.99,25,"(60, 120]"
277182,2022-06-09,64.62,144,"(60, 120]"
277271,2022-06-10,152.16,143,"(120, 240]"
274766,2022-05-23,42.37,161,"(30, 60]"
276598,2022-06-05,272.95,142,"(240, 480]"
270928,2022-04-15,388.36,155,"(240, 480]"
277521,2022-06-12,161.3,61,"(120, 240]"
261004,2022-01-20,360.16,152,"(240, 480]"
277544,2022-06-12,102.58,141,"(60, 120]"
276887,2022-06-07,390.6,141,"(240, 480]"
276781,2022-06-06,8.4,141,"(0, 30]"
275468,2022-05-30,1046.21,154,"(1000, 2000]"
277285,2022-06-10,1010.03,140,"(1000, 2000]"
263456,2022-02-12,559.57,155,"(480, 1000]"
276542,2022-06-04,215.29,63,"(120, 240]"
277704,2022-06-14,36.53,139,"(30, 60]"
274985,2022-05-25,71.72,159,"(60, 120]"
277766,2022-06-14,109.12,139,"(60, 120]"
275479,2022-05-30,498.88,154,"(480, 1000]"
277508,2022-06-12,2272.12,139,"(2000, 3000]"
277670,2022-06-13,33.47,140,"(30, 60]"
273992,2022-05-15,523.06,154,"(480, 1000]"
277791,2022-06-14,671.57,28,"(480, 1000]"
277945,2022-06-15,311.77,5,"(240, 480]"
275570,2022-05-31,51.21,137,"(30, 60]"
277964,2022-06-16,619.61,137,"(480, 1000]"
277105,2022-06-08,62.5,144,"(60, 120]"
277814,2022-06-14,42.97,122,"(30, 60]"
277845,2022-06-15,309.04,136,"(240, 480]"
277880,2022-06-15,6.18,61,"(0, 30]"
278080,2022-06-16,166.07,135,"(120, 240]"
272792,2022-05-04,66.49,107,"(60, 120]"
277410,2022-06-11,624.95,142,"(480, 1000]"
271837,2022-04-24,298.99,92,"(240, 480]"
275422,2022-05-30,216.98,153,"(120, 240]"
277556,2022-06-12,420.98,141,"(240, 480]"
276510,2022-06-04,1099.99,149,"(1000, 2000]"
278326,2022-06-18,481.81,31,"(480, 1000]"
278509,2022-06-19,648.88,133,"(480, 1000]"
271768,2022-04-24,2.83,189,"(0, 30]"
277419,2022-06-11,213.38,137,"(120, 240]"
278695,2022-06-20,95.58,133,"(60, 120]"
278723,2022-06-21,114.75,132,"(60, 120]"
277977,2022-06-16,10.13,132,"(0, 30]"
278582,2022-06-20,1806.61,132,"(1000, 2000]"
278758,2022-06-21,341.43,131,"(240, 480]"
278851,2022-06-22,3128.51,131,"(3000, 4000]"
278882,2022-06-22,174.78,131,"(120, 240]"
278701,2022-06-20,798.85,133,"(480, 1000]"
278927,2022-06-22,1460.92,131,"(1000, 2000]"
278129,2022-06-17,707.01,132,"(480, 1000]"
278995,2022-06-23,162.3,130,"(120, 240]"
278905,2022-06-22,118.22,130,"(60, 120]"
278215,2022-06-17,45.3,129,"(30, 60]"
275629,2022-06-01,77.83,152,"(60, 120]"
278915,2022-06-22,45.76,131,"(30, 60]"
274087,2022-05-16,232.47,154,"(120, 240]"
275173,2022-05-27,908.81,123,"(480, 1000]"
278881,2022-06-22,1746.2,130,"(1000, 2000]"
279394,2022-06-27,9.89,126,"(0, 30]"
278716,2022-06-20,449.36,126,"(240, 480]"
279132,2022-06-24,221.17,11,"(120, 240]"
277668,2022-06-13,115.2,133,"(60, 120]"
278444,2022-06-19,201.73,126,"(120, 240]"
279468,2022-06-27,532.39,61,"(480, 1000]"
275533,2022-05-31,104.59,153,"(60, 120]"
279264,2022-06-26,855.56,62,"(480, 1000]"
272213,2022-04-28,105.27,125,"(60, 120]"
279625,2022-06-28,192.74,124,"(120, 240]"
278906,2022-06-22,586.66,125,"(480, 1000]"
279766,2022-06-30,182.87,61,"(120, 240]"
279909,2022-07-01,416.95,122,"(240, 480]"
280011,2022-07-01,7.9,31,"(0, 30]"
280019,2022-07-02,537.1,121,"(480, 1000]"
280067,2022-07-02,896.08,121,"(480, 1000]"
279178,2022-06-25,1000.2,121,"(1000, 2000]"
280126,2022-07-02,204.83,120,"(120, 240]"
280140,2022-07-03,30.88,31,"(30, 60]"
278483,2022-06-19,176.52,62,"(120, 240]"
276104,2022-06-02,380.64,144,"(240, 480]"
279914,2022-07-01,61.86,119,"(60, 120]"
280159,2022-07-03,383.43,31,"(240, 480]"
279922,2022-07-01,14.03,118,"(0, 30]"
279482,2022-06-27,855.89,16,"(480, 1000]"
280461,2022-07-05,105.05,118,"(60, 120]"
278822,2022-06-21,106.37,125,"(60, 120]"
280552,2022-07-06,939.82,117,"(480, 1000]"
280031,2022-07-02,285.12,116,"(240, 480]"
278633,2022-06-20,1.67,133,"(0, 30]"
279916,2022-07-01,27.65,116,"(0, 30]"
278539,2022-06-20,153.58,31,"(120, 240]"
280346,2022-07-05,236.85,92,"(120, 240]"
280724,2022-07-08,949.79,115,"(480, 1000]"
280193,2022-07-03,721.8,115,"(480, 1000]"
280811,2022-07-08,17.97,3,"(0, 30]"
280814,2022-07-08,519.01,94,"(480, 1000]"
280794,2022-07-08,423.85,115,"(240, 480]"
280818,2022-07-08,216.06,115,"(120, 240]"
280850,2022-07-09,405.04,113,"(240, 480]"
280868,2022-07-09,1393.15,113,"(1000, 2000]"
274780,2022-05-23,7.21,161,"(0, 30]"
280396,2022-07-05,44.4,112,"(30, 60]"
278586,2022-06-20,933.57,131,"(480, 1000]"
275800,2022-06-01,9.97,62,"(0, 30]"
281200,2022-07-11,438.1,31,"(240, 480]"
280412,2022-07-05,962.52,113,"(480, 1000]"
281095,2022-07-11,695.3,111,"(480, 1000]"
281243,2022-07-12,137.29,111,"(120, 240]"
278833,2022-06-21,108.99,31,"(60, 120]"
278531,2022-06-19,39.31,127,"(30, 60]"
281440,2022-07-13,975.72,110,"(480, 1000]"
278459,2022-06-19,2775.6,130,"(2000, 3000]"
279330,2022-06-26,180.44,127,"(120, 240]"
281512,2022-07-14,537.58,92,"(480, 1000]"
280863,2022-07-09,7.25,109,"(0, 30]"
280825,2022-07-08,43.96,108,"(30, 60]"
281299,2022-07-12,557.73,108,"(480, 1000]"
275371,2022-05-29,7.43,155,"(0, 30]"
279508,2022-06-28,723.16,107,"(480, 1000]"
281769,2022-07-16,137.14,107,"(120, 240]"
280932,2022-07-09,77.18,107,"(60, 120]"
280849,2022-07-09,93.84,111,"(60, 120]"
278366,2022-06-19,59.9,108,"(30, 60]"
281714,2022-07-16,142.96,105,"(120, 240]"
281742,2022-07-16,695.5,105,"(480, 1000]"
273161,2022-05-08,49.36,105,"(30, 60]"
281925,2022-07-18,362.21,105,"(240, 480]"
259190,2022-01-04,11.4,105,"(0, 30]"
282010,2022-07-18,135,105,"(120, 240]"
282022,2022-07-18,0.19,105,"(0, 30]"
278611,2022-06-20,946.12,105,"(480, 1000]"
277242,2022-06-09,824.81,104,"(480, 1000]"
271371,2022-04-20,336.76,188,"(240, 480]"
259884,2022-01-10,1222.63,207,"(1000, 2000]"
280821,2022-07-08,366.81,104,"(240, 480]"
282094,2022-07-19,133.13,62,"(120, 240]"
282107,2022-07-19,64.67,6,"(60, 120]"
282124,2022-07-19,128.47,104,"(120, 240]"
271306,2022-04-19,59.36,104,"(30, 60]"
282121,2022-07-19,930.57,103,"(480, 1000]"
282136,2022-07-20,91.08,103,"(60, 120]"
282066,2022-07-19,160.87,103,"(120, 240]"
274723,2022-05-22,362.18,30,"(240, 480]"
282164,2022-07-20,146.32,103,"(120, 240]"
259486,2022-01-06,35.55,103,"(30, 60]"
280547,2022-07-06,186.29,92,"(120, 240]"
281453,2022-07-14,419.49,103,"(240, 480]"
270245,2022-04-09,144.6,103,"(120, 240]"
282021,2022-07-18,67.91,13,"(60, 120]"
282207,2022-07-20,742.64,102,"(480, 1000]"
261704,2022-01-27,0.68,277,"(0, 30]"
281331,2022-07-13,440.11,110,"(240, 480]"
267235,2022-03-14,61.4,154,"(60, 120]"
278101,2022-06-17,75.24,102,"(60, 120]"
282214,2022-07-21,60.69,102,"(60, 120]"
281966,2022-07-18,589.18,102,"(480, 1000]"
282283,2022-07-21,510.86,102,"(480, 1000]"
282290,2022-07-22,23.11,5,"(0, 30]"
261333,2022-01-23,273.19,102,"(240, 480]"
282322,2022-07-22,385.69,26,"(240, 480]"
282344,2022-07-22,151.44,101,"(120, 240]"
282362,2022-07-22,15.13,101,"(0, 30]"
272089,2022-04-27,919.54,100,"(480, 1000]"
275307,2022-05-29,715.68,100,"(480, 1000]"
282393,2022-07-23,19.57,100,"(0, 30]"
282426,2022-07-23,178.11,100,"(120, 240]"
282443,2022-07-23,237.81,100,"(120, 240]"
282446,2022-07-23,335.51,100,"(240, 480]"
280953,2022-07-10,107.54,99,"(60, 120]"
281010,2022-07-10,197.65,62,"(120, 240]"
282462,2022-07-24,622.2,99,"(480, 1000]"
269748,2022-04-05,131.67,100,"(120, 240]"
282500,2022-07-24,186.12,99,"(120, 240]"
272144,2022-04-27,306.13,99,"(240, 480]"
282402,2022-07-23,1018.48,98,"(1000, 2000]"
281885,2022-07-17,137.44,99,"(120, 240]"
281608,2022-07-15,606.34,98,"(480, 1000]"
282576,2022-07-25,286.32,98,"(240, 480]"
282603,2022-07-25,46.73,98,"(30, 60]"
282608,2022-07-25,5.42,98,"(0, 30]"
282617,2022-07-25,85.3,98,"(60, 120]"
268572,2022-03-25,25.78,220,"(0, 30]"
282614,2022-07-25,172.24,98,"(120, 240]"
282637,2022-07-26,539.06,97,"(480, 1000]"
282408,2022-07-23,814.24,97,"(480, 1000]"
282564,2022-07-25,531.68,97,"(480, 1000]"
278409,2022-06-19,389.92,97,"(240, 480]"
272145,2022-04-27,110.24,98,"(60, 120]"
282546,2022-07-25,106.15,98,"(60, 120]"
282442,2022-07-23,652.77,92,"(480, 1000]"
282575,2022-07-25,1361.37,97,"(1000, 2000]"
282595,2022-07-25,621.84,98,"(480, 1000]"
269321,2022-04-02,275.83,97,"(240, 480]"
282572,2022-07-25,28.55,98,"(0, 30]"
282700,2022-07-26,711.18,16,"(480, 1000]"
265680,2022-03-02,18.66,97,"(0, 30]"
282318,2022-07-22,1735.72,97,"(1000, 2000]"
282724,2022-07-26,111.46,97,"(60, 120]"
282668,2022-07-26,388,97,"(240, 480]"
278088,2022-06-16,109.28,31,"(60, 120]"
282726,2022-07-26,1419.54,97,"(1000, 2000]"
266456,2022-03-08,6.82,97,"(0, 30]"
282697,2022-07-26,399.75,97,"(240, 480]"
279537,2022-06-28,121.54,97,"(120, 240]"
268715,2022-03-27,44.15,218,"(30, 60]"
282731,2022-07-27,13.83,96,"(0, 30]"
282738,2022-07-27,137.41,96,"(120, 240]"
282741,2022-07-27,107.51,96,"(60, 120]"
282304,2022-07-22,757.64,97,"(480, 1000]"
280379,2022-07-05,832.96,97,"(480, 1000]"
282779,2022-07-27,559.81,96,"(480, 1000]"
282776,2022-07-27,272.26,96,"(240, 480]"
281870,2022-07-17,1427.96,96,"(1000, 2000]"
282275,2022-07-21,36.18,1,"(30, 60]"
282813,2022-07-27,584.38,27,"(480, 1000]"
282757,2022-07-27,456.85,96,"(240, 480]"
282504,2022-07-24,10.48,98,"(0, 30]"
273136,2022-05-07,256.56,96,"(240, 480]"
282791,2022-07-27,68.92,96,"(60, 120]"
281447,2022-07-13,42.25,110,"(30, 60]"
282356,2022-07-22,41.02,101,"(30, 60]"
282033,2022-07-19,954.15,95,"(480, 1000]"
259361,2022-01-05,204,95,"(120, 240]"
282753,2022-07-27,10.47,96,"(0, 30]"
282553,2022-07-25,260.28,96,"(240, 480]"
282892,2022-07-28,479.12,95,"(240, 480]"
282237,2022-07-21,74.55,96,"(60, 120]"
282911,2022-07-28,6.57,95,"(0, 30]"
282901,2022-07-28,799.67,95,"(480, 1000]"
282582,2022-07-25,30.57,98,"(30, 60]"
282920,2022-07-28,514.35,95,"(480, 1000]"
282359,2022-07-22,23.72,6,"(0, 30]"
282950,2022-07-29,143.06,94,"(120, 240]"
282526,2022-07-25,117.08,96,"(60, 120]"
282956,2022-07-29,83.18,94,"(60, 120]"
282926,2022-07-29,572.64,94,"(480, 1000]"
282829,2022-07-27,878.27,94,"(480, 1000]"
282691,2022-07-26,100.22,97,"(60, 120]"
274882,2022-05-24,17.5,154,"(0, 30]"
282940,2022-07-29,373.86,94,"(240, 480]"
279428,2022-06-27,165.65,95,"(120, 240]"
282330,2022-07-22,231.85,101,"(120, 240]"
282507,2022-07-24,525.27,93,"(480, 1000]"
283116,2022-07-30,10.38,93,"(0, 30]"
283162,2022-07-30,239.37,31,"(120, 240]"
282839,2022-07-28,1370.01,94,"(1000, 2000]"
283318,2022-08-01,132.71,91,"(120, 240]"
282758,2022-07-27,702.96,96,"(480, 1000]"
261716,2022-01-27,91.19,61,"(60, 120]"
282705,2022-07-26,1027.02,97,"(1000, 2000]"
282939,2022-07-29,31.87,94,"(30, 60]"
283154,2022-07-30,327.27,93,"(240, 480]"
282751,2022-07-27,921.31,90,"(480, 1000]"
283029,2022-07-30,880.94,93,"(480, 1000]"
283023,2022-07-29,0.33,91,"(0, 30]"
283025,2022-07-29,335.88,90,"(240, 480]"
278789,2022-06-21,1860.54,90,"(1000, 2000]"
282949,2022-07-29,38.1,94,"(30, 60]"
279228,2022-06-25,1206.35,105,"(1000, 2000]"
276671,2022-06-05,390.82,148,"(240, 480]"
283286,2022-07-31,41.48,90,"(30, 60]"
283598,2022-08-02,240.48,31,"(240, 480]"
282880,2022-07-28,118.7,95,"(60, 120]"
283636,2022-08-02,297.21,90,"(240, 480]"
282560,2022-07-25,643.47,98,"(480, 1000]"
283130,2022-07-30,220.32,93,"(120, 240]"
271720,2022-04-23,65.75,191,"(60, 120]"
283771,2022-08-03,29.83,89,"(0, 30]"
282935,2022-07-29,869.97,94,"(480, 1000]"
282626,2022-07-26,173.67,94,"(120, 240]"
282729,2022-07-26,319.16,96,"(240, 480]"
283745,2022-08-03,443.79,88,"(240, 480]"
282995,2022-07-29,816.32,88,"(480, 1000]"
283927,2022-08-04,199.81,6,"(120, 240]"
283824,2022-08-04,1311.49,87,"(1000, 2000]"
283357,2022-08-01,604.48,87,"(480, 1000]"
284028,2022-08-05,383.89,87,"(240, 480]"
284066,2022-08-05,710.51,87,"(480, 1000]"
282541,2022-07-25,331.37,98,"(240, 480]"
284167,2022-08-06,12.92,86,"(0, 30]"
283696,2022-08-03,1192.46,61,"(1000, 2000]"
284311,2022-08-07,129.18,31,"(120, 240]"
283300,2022-07-31,372.59,89,"(240, 480]"
284110,2022-08-06,66.72,84,"(60, 120]"
284194,2022-08-06,546.99,31,"(480, 1000]"
282520,2022-07-24,109.1,61,"(60, 120]"
284344,2022-08-08,2.9,61,"(0, 30]"
284379,2022-08-08,328.01,84,"(240, 480]"
282960,2022-07-29,127.18,88,"(120, 240]"
284152,2022-08-06,453.69,86,"(240, 480]"
284292,2022-08-07,172.82,61,"(120, 240]"
283576,2022-08-02,517.06,83,"(480, 1000]"
283887,2022-08-04,927.35,83,"(480, 1000]"
278421,2022-06-19,224.53,96,"(120, 240]"
283584,2022-08-02,202.71,84,"(120, 240]"
282825,2022-07-27,56.53,96,"(30, 60]"
284402,2022-08-08,273.04,83,"(240, 480]"
281337,2022-07-13,7.14,98,"(0, 30]"
284512,2022-08-09,39.5,83,"(30, 60]"
284633,2022-08-10,427.53,82,"(240, 480]"
284492,2022-08-09,169.28,83,"(120, 240]"
284415,2022-08-08,148.97,82,"(120, 240]"
280853,2022-07-09,310.33,95,"(240, 480]"
282948,2022-07-29,268.06,94,"(240, 480]"
284266,2022-08-07,746.12,81,"(480, 1000]"
284858,2022-08-11,1724.8,81,"(1000, 2000]"
271098,2022-04-17,112.11,153,"(60, 120]"
285154,2022-08-12,655.54,80,"(480, 1000]"
285252,2022-08-13,522.05,31,"(480, 1000]"
285276,2022-08-13,41.55,79,"(30, 60]"
277353,2022-06-11,2023.58,78,"(2000, 3000]"
285283,2022-08-13,237.44,31,"(120, 240]"
282833,2022-07-28,1.2,95,"(0, 30]"
271082,2022-04-17,7.64,153,"(0, 30]"
283923,2022-08-04,53.19,81,"(30, 60]"
284072,2022-08-05,1164.54,87,"(1000, 2000]"
265210,2022-02-27,232.23,65,"(120, 240]"
284748,2022-08-10,57.79,31,"(30, 60]"
285322,2022-08-13,395.49,74,"(240, 480]"
287006,2022-08-18,124.95,74,"(120, 240]"
287245,2022-08-19,61.03,31,"(60, 120]"
273132,2022-05-07,706.02,61,"(480, 1000]"
287214,2022-08-19,263.17,31,"(240, 480]"
287373,2022-08-20,366.13,72,"(240, 480]"
286865,2022-08-17,155.11,31,"(120, 240]"
287434,2022-08-20,31.18,72,"(30, 60]"
287334,2022-08-20,958.93,72,"(480, 1000]"
287331,2022-08-20,401.18,71,"(240, 480]"
287548,2022-08-22,213.25,70,"(120, 240]"
287526,2022-08-21,575.31,71,"(480, 1000]"
287632,2022-08-22,459.13,70,"(240, 480]"
287618,2022-08-22,64.34,30,"(60, 120]"
286190,2022-08-15,170.9,70,"(120, 240]"
275246,2022-05-28,129.28,156,"(120, 240]"
283031,2022-07-30,234.34,30,"(120, 240]"
287330,2022-08-20,1237.65,31,"(1000, 2000]"
287478,2022-08-21,33.63,71,"(30, 60]"
274464,2022-05-19,155.78,62,"(120, 240]"
280000,2022-07-01,91.48,122,"(60, 120]"
287238,2022-08-19,895.06,69,"(480, 1000]"
277461,2022-06-11,64.55,136,"(60, 120]"
286753,2022-08-17,68.85,69,"(60, 120]"
287926,2022-08-24,49.15,68,"(30, 60]"
285201,2022-08-13,139.68,31,"(120, 240]"
287436,2022-08-20,888.88,71,"(480, 1000]"
288003,2022-08-25,278.91,67,"(240, 480]"
286834,2022-08-17,1303.77,66,"(1000, 2000]"
288098,2022-08-25,551.31,67,"(480, 1000]"
283115,2022-07-30,45.48,65,"(30, 60]"
288122,2022-08-26,30.71,66,"(30, 60]"
271925,2022-04-25,1425.93,152,"(1000, 2000]"
288484,2022-08-28,242.02,63,"(240, 480]"
288702,2022-08-30,333.27,6,"(240, 480]"
288430,2022-08-28,50.76,64,"(30, 60]"
287102,2022-08-18,1.2,67,"(0, 30]"
288579,2022-08-29,915.17,63,"(480, 1000]"
288771,2022-08-30,194.99,27,"(120, 240]"
287688,2022-08-23,263.39,63,"(240, 480]"
287490,2022-08-21,1119.09,61,"(1000, 2000]"
287473,2022-08-21,525.53,64,"(480, 1000]"
288926,2022-08-31,251.53,30,"(240, 480]"
285581,2022-08-15,53.77,63,"(30, 60]"
289048,2022-09-01,437.48,60,"(240, 480]"
289066,2022-09-01,80.27,60,"(60, 120]"
288853,2022-08-31,56.37,60,"(30, 60]"
288487,2022-08-28,291.15,60,"(240, 480]"
289096,2022-09-02,90.1,30,"(60, 120]"
261972,2022-01-29,357.43,101,"(240, 480]"
289210,2022-09-02,255.17,59,"(240, 480]"
289218,2022-09-02,26.04,27,"(0, 30]"
277591,2022-06-13,206.41,139,"(120, 240]"
289260,2022-09-03,252.25,30,"(240, 480]"
289177,2022-09-02,1561.65,30,"(1000, 2000]"
288690,2022-08-30,69.68,62,"(60, 120]"
289118,2022-09-02,203.6,8,"(120, 240]"
275583,2022-05-31,856.4,153,"(480, 1000]"
289329,2022-09-03,193.52,57,"(120, 240]"
284141,2022-08-06,650.88,79,"(480, 1000]"
288884,2022-08-31,1124.09,55,"(1000, 2000]"
289580,2022-09-06,94.63,55,"(60, 120]"
277078,2022-06-08,56.92,145,"(30, 60]"
289666,2022-09-06,39.27,55,"(30, 60]"
289517,2022-09-05,462.29,54,"(240, 480]"
289802,2022-09-07,1014.2,34,"(1000, 2000]"
289827,2022-09-07,120,54,"(60, 120]"
289711,2022-09-07,66.09,29,"(60, 120]"
288808,2022-08-31,93.79,61,"(60, 120]"
289798,2022-09-07,653.13,51,"(480, 1000]"
290350,2022-09-12,72.86,30,"(60, 120]"
290426,2022-09-12,219.68,49,"(120, 240]"
288665,2022-08-30,54.6,56,"(30, 60]"
290303,2022-09-11,63,50,"(60, 120]"
289024,2022-09-01,909.06,53,"(480, 1000]"
290600,2022-09-13,5.32,1,"(0, 30]"
290775,2022-09-15,58.29,30,"(30, 60]"
288442,2022-08-28,1.27,59,"(0, 30]"
282748,2022-07-27,42.92,96,"(30, 60]"
290039,2022-09-09,169.75,45,"(120, 240]"
289805,2022-09-07,491.99,54,"(480, 1000]"
291116,2022-09-18,3120.94,43,"(3000, 4000]"
289244,2022-09-03,1619.12,43,"(1000, 2000]"
289910,2022-09-08,832.76,33,"(480, 1000]"
291011,2022-09-16,33.69,43,"(30, 60]"
290953,2022-09-16,493.77,43,"(480, 1000]"
291234,2022-09-19,73.96,42,"(60, 120]"
291165,2022-09-18,40.35,42,"(30, 60]"
290444,2022-09-13,726.04,42,"(480, 1000]"
274317,2022-05-18,252.6,42,"(240, 480]"
289790,2022-09-07,157.47,2,"(120, 240]"
277657,2022-06-13,99.66,42,"(60, 120]"
291347,2022-09-19,428.69,30,"(240, 480]"
289601,2022-09-06,36.63,41,"(30, 60]"
270435,2022-04-11,88,30,"(60, 120]"
289823,2022-09-07,122.91,41,"(120, 240]"
291401,2022-09-20,806.94,41,"(480, 1000]"
291400,2022-09-20,462.54,41,"(240, 480]"
291250,2022-09-19,177.27,41,"(120, 240]"
291356,2022-09-19,45.67,41,"(30, 60]"
291452,2022-09-20,707.19,41,"(480, 1000]"
291458,2022-09-20,79.02,41,"(60, 120]"
287737,2022-08-23,1285.03,69,"(1000, 2000]"
290027,2022-09-09,6.8,41,"(0, 30]"
291404,2022-09-20,290.24,40,"(240, 480]"
289769,2022-09-07,675.98,40,"(480, 1000]"
282244,2022-07-21,25.59,40,"(0, 30]"
282713,2022-07-26,119.44,96,"(60, 120]"
274663,2022-05-21,531.94,153,"(480, 1000]"
291565,2022-09-21,107.88,40,"(60, 120]"
280644,2022-07-07,846.84,28,"(480, 1000]"
291366,2022-09-19,151.02,42,"(120, 240]"
291713,2022-09-22,174.6,30,"(120, 240]"
288782,2022-08-30,224.06,39,"(120, 240]"
275766,2022-06-01,63,39,"(60, 120]"
288691,2022-08-30,981.6,56,"(480, 1000]"
291575,2022-09-21,196.59,13,"(120, 240]"
291745,2022-09-22,33.19,39,"(30, 60]"
285504,2022-08-15,600.76,38,"(480, 1000]"
291769,2022-09-23,3235.79,38,"(3000, 4000]"
291743,2022-09-22,319.53,39,"(240, 480]"
290989,2022-09-16,226.1,38,"(120, 240]"
290920,2022-09-16,306.21,38,"(240, 480]"
291706,2022-09-22,732.02,30,"(480, 1000]"
291837,2022-09-23,163.28,38,"(120, 240]"
291855,2022-09-23,55.54,30,"(30, 60]"
291853,2022-09-23,367.95,38,"(240, 480]"
275510,2022-05-31,432.89,153,"(240, 480]"
266743,2022-03-11,180.06,38,"(120, 240]"
291098,2022-09-17,248.95,40,"(240, 480]"
280048,2022-07-02,13.07,3,"(0, 30]"
282910,2022-07-28,68.01,95,"(60, 120]"
291858,2022-09-23,21.49,38,"(0, 30]"
291945,2022-09-24,606.62,32,"(480, 1000]"
290733,2022-09-14,45.4,38,"(30, 60]"
291949,2022-09-24,296.46,30,"(240, 480]"
291402,2022-09-20,170.1,41,"(120, 240]"
291963,2022-09-24,0.3,6,"(0, 30]"
274597,2022-05-20,0.45,164,"(0, 30]"
291977,2022-09-25,136.85,36,"(120, 240]"
289879,2022-09-08,41.66,48,"(30, 60]"
267168,2022-03-14,2.9,224,"(0, 30]"
292109,2022-09-26,51.55,35,"(30, 60]"
275757,2022-06-01,374.45,152,"(240, 480]"
268706,2022-03-27,108.04,35,"(60, 120]"
291998,2022-09-25,121.08,35,"(120, 240]"
291436,2022-09-20,57.19,41,"(30, 60]"
283521,2022-08-02,11.62,40,"(0, 30]"
292129,2022-09-26,508.19,35,"(480, 1000]"
292114,2022-09-26,493.67,35,"(480, 1000]"
291730,2022-09-22,112.42,35,"(60, 120]"
292066,2022-09-26,0.27,35,"(0, 30]"
292086,2022-09-26,82.85,34,"(60, 120]"
291349,2022-09-19,384.09,38,"(240, 480]"
291264,2022-09-19,1114.1,34,"(1000, 2000]"
286723,2022-08-17,201.15,34,"(120, 240]"
290242,2022-09-11,327.23,34,"(240, 480]"
292061,2022-09-25,228.72,30,"(120, 240]"
292374,2022-09-27,2.95,34,"(0, 30]"
292133,2022-09-26,23.31,33,"(0, 30]"
292191,2022-09-27,577.51,33,"(480, 1000]"
292406,2022-09-28,1906.85,33,"(1000, 2000]"
292411,2022-09-28,30.37,7,"(30, 60]"
273499,2022-05-11,0.08,173,"(0, 30]"
287820,2022-08-24,2.2,33,"(0, 30]"
281076,2022-07-11,25.43,33,"(0, 30]"
279229,2022-06-25,400.85,33,"(240, 480]"
290264,2022-09-11,85.35,48,"(60, 120]"
291589,2022-09-21,0.05,33,"(0, 30]"
280330,2022-07-04,282.95,32,"(240, 480]"
291606,2022-09-22,594.38,33,"(480, 1000]"
292534,2022-09-29,57.2,32,"(30, 60]"
292538,2022-09-29,476.03,32,"(240, 480]"
280373,2022-07-05,24.15,32,"(0, 30]"
292580,2022-09-29,1.44,32,"(0, 30]"
290465,2022-09-13,598.55,32,"(480, 1000]"
273443,2022-05-10,91.15,41,"(60, 120]"
292596,2022-09-29,1169.41,32,"(1000, 2000]"
292595,2022-09-29,199.95,32,"(120, 240]"
292601,2022-09-29,163.65,32,"(120, 240]"
292566,2022-09-29,24.19,32,"(0, 30]"
292608,2022-09-29,132.78,32,"(120, 240]"
292486,2022-09-29,583.42,32,"(480, 1000]"
292402,2022-09-28,1025.46,32,"(1000, 2000]"
270216,2022-04-09,23.24,31,"(0, 30]"
291976,2022-09-24,147.11,32,"(120, 240]"
292573,2022-09-29,413.8,32,"(240, 480]"
292436,2022-09-28,373.82,31,"(240, 480]"
292491,2022-09-29,1088.89,32,"(1000, 2000]"
292634,2022-09-30,73.75,31,"(60, 120]"
292640,2022-09-30,215.01,31,"(120, 240]"
290353,2022-09-12,1148.82,38,"(1000, 2000]"
292650,2022-09-30,776.04,31,"(480, 1000]"
292653,2022-09-30,10.12,31,"(0, 30]"
292611,2022-09-29,616.59,32,"(480, 1000]"
291566,2022-09-21,485.3,31,"(480, 1000]"
292578,2022-09-29,119.55,32,"(60, 120]"
292531,2022-09-29,104.44,32,"(60, 120]"
292585,2022-09-29,279.14,32,"(240, 480]"
259846,2022-01-09,399.32,31,"(240, 480]"
292113,2022-09-26,217.09,31,"(120, 240]"
269534,2022-04-03,12.07,134,"(0, 30]"
289567,2022-09-05,440.01,31,"(240, 480]"
292820,2022-10-01,15.41,9,"(0, 30]"
292862,2022-10-01,858.09,30,"(480, 1000]"
292931,2022-10-02,210.65,29,"(120, 240]"
291823,2022-09-23,218.9,31,"(120, 240]"
265685,2022-03-02,1986.11,34,"(1000, 2000]"
279062,2022-06-23,676.69,53,"(480, 1000]"
288839,2022-08-31,11.3,28,"(0, 30]"
277840,2022-06-15,11.25,31,"(0, 30]"
293156,2022-10-03,990.45,22,"(480, 1000]"
292447,2022-09-28,108.39,32,"(60, 120]"
293214,2022-10-04,708.33,27,"(480, 1000]"
293251,2022-10-04,0.07,27,"(0, 30]"
292648,2022-09-30,114.97,31,"(60, 120]"
293298,2022-10-04,119.57,27,"(60, 120]"
292493,2022-09-29,12.32,27,"(0, 30]"
282640,2022-07-26,217.75,27,"(120, 240]"
293330,2022-10-05,109.3,26,"(60, 120]"
293345,2022-10-05,676.73,26,"(480, 1000]"
293002,2022-10-02,230.51,29,"(120, 240]"
292625,2022-09-30,872.23,31,"(480, 1000]"
288719,2022-08-30,590.97,25,"(480, 1000]"
279923,2022-07-01,40.93,54,"(30, 60]"
287466,2022-08-21,0.13,71,"(0, 30]"
277834,2022-06-15,1901.58,52,"(1000, 2000]"
292589,2022-09-29,61.16,32,"(60, 120]"
270607,2022-04-12,650.89,32,"(480, 1000]"
292955,2022-10-02,12.12,23,"(0, 30]"
278972,2022-06-23,2229.17,41,"(2000, 3000]"
293965,2022-10-09,701.07,22,"(480, 1000]"
293067,2022-10-03,158.3,22,"(120, 240]"
293951,2022-10-09,931.31,21,"(480, 1000]"
294006,2022-10-10,569.31,21,"(480, 1000]"
279404,2022-06-27,340.26,110,"(240, 480]"
292462,2022-09-28,168.93,33,"(120, 240]"
290843,2022-09-15,654.34,28,"(480, 1000]"
294185,2022-10-10,177.25,21,"(120, 240]"
268178,2022-03-21,1.72,153,"(0, 30]"
288021,2022-08-25,206.51,20,"(120, 240]"
292048,2022-09-25,511.1,19,"(480, 1000]"
291061,2022-09-17,448.9,19,"(240, 480]"
280897,2022-07-09,90.49,19,"(60, 120]"
294286,2022-10-11,444.66,19,"(240, 480]"
267488,2022-03-16,858.79,155,"(480, 1000]"
294338,2022-10-12,562.14,18,"(480, 1000]"
294020,2022-10-10,93.65,21,"(60, 120]"
293541,2022-10-06,257.91,19,"(240, 480]"
294590,2022-10-13,435.15,18,"(240, 480]"
278890,2022-06-22,313.31,131,"(240, 480]"
292992,2022-10-02,19.08,29,"(0, 30]"
293303,2022-10-04,415.36,17,"(240, 480]"
290554,2022-09-13,128.68,48,"(120, 240]"
292496,2022-09-29,544.76,32,"(480, 1000]"
292033,2022-09-25,443.99,36,"(240, 480]"
294792,2022-10-15,307.37,16,"(240, 480]"
289339,2022-09-03,73.08,51,"(60, 120]"
292819,2022-10-01,691.59,30,"(480, 1000]"
294560,2022-10-13,180.19,15,"(120, 240]"
280913,2022-07-09,115.99,109,"(60, 120]"
294979,2022-10-16,171.16,15,"(120, 240]"
293955,2022-10-09,1.6,14,"(0, 30]"
294429,2022-10-12,431.3,14,"(240, 480]"
294907,2022-10-16,439.59,14,"(240, 480]"
292499,2022-09-29,228.66,14,"(120, 240]"
294227,2022-10-11,548.2,20,"(480, 1000]"
294203,2022-10-11,31.9,14,"(30, 60]"
295088,2022-10-17,512.18,13,"(480, 1000]"
293539,2022-10-06,273.27,13,"(240, 480]"
289538,2022-09-05,0.05,52,"(0, 30]"
292510,2022-09-29,220.02,26,"(120, 240]"
294949,2022-10-16,392.88,14,"(240, 480]"
289503,2022-09-05,0.15,52,"(0, 30]"
275445,2022-05-30,55.1,11,"(30, 60]"
294674,2022-10-14,205.69,13,"(120, 240]"
293126,2022-10-03,238.64,28,"(120, 240]"
289049,2022-09-01,52.03,11,"(30, 60]"
295355,2022-10-19,41.99,12,"(30, 60]"
280496,2022-07-06,19.23,9,"(0, 30]"
295578,2022-10-21,187.54,9,"(120, 240]"
295803,2022-10-23,77.99,8,"(60, 120]"
283612,2022-08-02,141.76,34,"(120, 240]"
295859,2022-10-23,271.89,8,"(240, 480]"
295865,2022-10-23,48.05,8,"(30, 60]"
295929,2022-10-24,79.42,7,"(60, 120]"
282532,2022-07-25,152.26,7,"(120, 240]"
295781,2022-10-23,143.52,8,"(120, 240]"
282429,2022-07-23,42.37,97,"(30, 60]"
293274,2022-10-04,354.39,26,"(240, 480]"
269660,2022-04-04,478.27,7,"(240, 480]"
296124,2022-10-25,184.46,6,"(120, 240]"
296254,2022-10-26,45.18,5,"(30, 60]"
296290,2022-10-26,189.24,5,"(120, 240]"
296402,2022-10-27,538.83,4,"(480, 1000]"
273951,2022-05-14,118.75,4,"(60, 120]"
296426,2022-10-27,145.12,4,"(120, 240]"
296461,2022-10-27,446.64,4,"(240, 480]"
285122,2022-08-12,68.69,37,"(60, 120]"
295863,2022-10-23,346.44,8,"(240, 480]"
296160,2022-10-25,11.25,6,"(0, 30]"
296396,2022-10-27,23.67,3,"(0, 30]"
296578,2022-10-28,65.02,3,"(60, 120]"
296291,2022-10-26,268.09,3,"(240, 480]"
296388,2022-10-27,185.24,3,"(120, 240]"
296593,2022-10-28,54.29,3,"(30, 60]"
296644,2022-10-28,82.1,2,"(60, 120]"
287916,2022-08-24,150.81,2,"(120, 240]"
296813,2022-10-30,110.62,1,"(60, 120]"
296836,2022-10-30,67.03,1,"(60, 120]"
296865,2022-10-30,116.3,1,"(60, 120]"
296863,2022-10-30,81.58,1,"(60, 120]"
296812,2022-10-30,51.8,0,"(30, 60]"
294131,2022-10-10,111.97,0,"(60, 120]"
296613,2022-10-28,194.35,0,"(120, 240]"
262973,2022-02-07,242.09,89,"(240, 480]"
263065,2022-02-08,1366.56,265,"(1000, 2000]"
264843,2022-02-24,125.21,7,"(120, 240]"
260964,2022-01-19,136.71,238,"(120, 240]"
264254,2022-02-19,150.55,150,"(120, 240]"
287072,2022-08-18,5.67,31,"(0, 30]"
279424,2022-06-27,138.6,125,"(120, 240]"
275529,2022-05-31,555.34,153,"(480, 1000]"
280372,2022-07-05,633.82,70,"(480, 1000]"
296564,2022-10-28,102.85,0,"(60, 120]"
261210,2022-01-21,20.3,282,"(0, 30]"
262071,2022-01-31,188.54,28,"(120, 240]"
262754,2022-02-05,818.32,268,"(480, 1000]"
271006,2022-04-16,112.77,30,"(60, 120]"
269924,2022-04-07,1048.37,207,"(1000, 2000]"
278958,2022-06-23,319.67,92,"(240, 480]"
261626,2022-01-26,334.27,278,"(240, 480]"
285915,2022-08-15,614.37,70,"(480, 1000]"
287993,2022-08-25,232.43,31,"(120, 240]"
296732,2022-10-29,91.43,2,"(60, 120]"
260477,2022-01-14,775.25,25,"(480, 1000]"
265077,2022-02-26,294.35,247,"(240, 480]"
258832,2022-01-01,227.53,31,"(120, 240]"
268545,2022-03-25,153.13,218,"(120, 240]"
273684,2022-05-12,45.43,4,"(30, 60]"
270619,2022-04-13,344.35,91,"(240, 480]"
276395,2022-06-03,146.78,92,"(120, 240]"
275463,2022-05-30,70.06,145,"(60, 120]"
266492,2022-03-09,272.89,236,"(240, 480]"
274433,2022-05-19,675.34,153,"(480, 1000]"
290991,2022-09-16,159.64,45,"(120, 240]"
292924,2022-10-02,1165.76,23,"(1000, 2000]"
295497,2022-10-20,293.41,11,"(240, 480]"
288909,2022-08-31,332.99,54,"(240, 480]"
293207,2022-10-04,1357.36,25,"(1000, 2000]"
295214,2022-10-18,9.83,13,"(0, 30]"
259408,2022-01-05,484.88,90,"(480, 1000]"
260180,2022-01-12,48.83,151,"(30, 60]"
260549,2022-01-15,1013.7,289,"(1000, 2000]"
260742,2022-01-17,194.51,59,"(120, 240]"
260062,2022-01-11,126.23,8,"(120, 240]"
259474,2022-01-06,119.18,31,"(60, 120]"
262677,2022-02-04,392.81,269,"(240, 480]"
259070,2022-01-03,714.95,301,"(480, 1000]"
262613,2022-02-04,43.66,28,"(30, 60]"
264472,2022-02-21,510.09,59,"(480, 1000]"
264732,2022-02-23,726.2,92,"(480, 1000]"
264563,2022-02-22,117.84,61,"(60, 120]"
267413,2022-03-15,246.11,61,"(240, 480]"
267443,2022-03-15,1165.3,32,"(1000, 2000]"
259300,2022-01-05,371.98,278,"(240, 480]"
267813,2022-03-18,1096.86,219,"(1000, 2000]"
269012,2022-03-30,49.47,215,"(30, 60]"
267885,2022-03-18,434.21,61,"(240, 480]"
264679,2022-02-23,41.76,250,"(30, 60]"
269976,2022-04-07,375.14,91,"(240, 480]"
270036,2022-04-08,457.85,61,"(240, 480]"
270188,2022-04-09,110.37,193,"(60, 120]"
268863,2022-03-29,513.99,91,"(480, 1000]"
266395,2022-03-08,293,181,"(240, 480]"
273117,2022-05-07,18.72,31,"(0, 30]"
272359,2022-04-29,721.64,181,"(480, 1000]"
271300,2022-04-19,593.46,30,"(480, 1000]"
270725,2022-04-13,199.5,61,"(120, 240]"
272175,2022-04-27,198.79,63,"(120, 240]"
272983,2022-05-06,107.32,178,"(60, 120]"
273486,2022-05-10,474.02,31,"(240, 480]"
275148,2022-05-26,439.57,153,"(240, 480]"
267090,2022-03-13,77.69,152,"(60, 120]"
272755,2022-05-04,156.95,174,"(120, 240]"
276553,2022-06-04,74.02,149,"(60, 120]"
266758,2022-03-11,1990.94,233,"(1000, 2000]"
276238,2022-06-02,564.48,25,"(480, 1000]"
275163,2022-05-27,74.56,153,"(60, 120]"
274948,2022-05-24,358.34,28,"(240, 480]"
275567,2022-05-31,1302.08,30,"(1000, 2000]"
277715,2022-06-14,79.63,61,"(60, 120]"
276455,2022-06-03,1135.33,30,"(1000, 2000]"
277821,2022-06-14,568.65,61,"(480, 1000]"
279352,2022-06-26,755.08,127,"(480, 1000]"
281992,2022-07-18,0.93,62,"(0, 30]"
275637,2022-06-01,1972.54,152,"(1000, 2000]"
282937,2022-07-29,475.1,94,"(240, 480]"
278734,2022-06-21,138.88,132,"(120, 240]"
283456,2022-08-01,27.93,87,"(0, 30]"
284011,2022-08-05,62.88,2,"(60, 120]"
282352,2022-07-22,264.19,101,"(240, 480]"
267959,2022-03-19,2332.96,215,"(2000, 3000]"
283889,2022-08-04,211.89,31,"(120, 240]"
280611,2022-07-07,948.21,61,"(480, 1000]"
274645,2022-05-21,799.7,155,"(480, 1000]"
284180,2022-08-06,1395.95,68,"(1000, 2000]"
287896,2022-08-24,258.81,68,"(240, 480]"
283573,2022-08-02,544.91,31,"(480, 1000]"
289526,2022-09-05,265.68,55,"(240, 480]"
287158,2022-08-18,98.93,52,"(60, 120]"
286418,2022-08-16,757.81,31,"(480, 1000]"
286799,2022-08-17,396.93,69,"(240, 480]"
288793,2022-08-30,597.21,62,"(480, 1000]"
290945,2022-09-16,464.63,44,"(240, 480]"
283854,2022-08-04,288.81,66,"(240, 480]"
278055,2022-06-16,1114.08,133,"(1000, 2000]"
261104,2022-01-21,86.01,214,"(60, 120]"
282373,2022-07-23,11.75,33,"(0, 30]"
290458,2022-09-13,78.34,32,"(60, 120]"
277886,2022-06-15,1233.93,31,"(1000, 2000]"
284530,2022-08-09,322.26,32,"(240, 480]"
279535,2022-06-28,150.69,32,"(120, 240]"
293858,2022-10-08,616,21,"(480, 1000]"
294113,2022-10-10,431.46,18,"(240, 480]"
293843,2022-10-08,4.2,17,"(0, 30]"
293962,2022-10-09,1790.78,21,"(1000, 2000]"
293859,2022-10-08,92.15,18,"(60, 120]"
294783,2022-10-15,211.31,13,"(120, 240]"
291577,2022-09-21,484.79,37,"(480, 1000]"
295972,2022-10-24,143.93,7,"(120, 240]"
296094,2022-10-25,81.34,6,"(60, 120]"
279562,2022-06-28,478.19,20,"(240, 480]"
294629,2022-10-13,381.37,17,"(240, 480]"
259476,2022-01-06,85.56,31,"(60, 120]"
260885,2022-01-18,738.79,59,"(480, 1000]"
261228,2022-01-22,420.52,90,"(240, 480]"
261452,2022-01-24,619.75,280,"(480, 1000]"
264417,2022-02-21,9.47,182,"(0, 30]"
261619,2022-01-26,185.48,277,"(120, 240]"
267662,2022-03-17,632.5,31,"(480, 1000]"
269796,2022-04-06,54.55,91,"(30, 60]"
269981,2022-04-07,140.25,153,"(120, 240]"
271094,2022-04-17,83.16,30,"(60, 120]"
277063,2022-06-08,56.43,30,"(30, 60]"
282580,2022-07-25,2.83,98,"(0, 30]"
283328,2022-08-01,120.48,31,"(120, 240]"
285044,2022-08-12,9.17,80,"(0, 30]"
276130,2022-06-02,959.76,151,"(480, 1000]"
285191,2022-08-13,469.23,30,"(240, 480]"
284643,2022-08-10,505.64,30,"(480, 1000]"
289686,2022-09-06,25.75,41,"(0, 30]"
291728,2022-09-22,21.54,39,"(0, 30]"
291306,2022-09-19,144.11,33,"(120, 240]"
292431,2022-09-28,28.79,33,"(0, 30]"
292901,2022-10-02,852.46,29,"(480, 1000]"
287975,2022-08-25,538.46,60,"(480, 1000]"
294648,2022-10-14,199.9,13,"(120, 240]"
259273,2022-01-04,27.63,31,"(0, 30]"
259305,2022-01-05,571.13,60,"(480, 1000]"
259614,2022-01-07,76.35,297,"(60, 120]"
259437,2022-01-06,79.81,293,"(60, 120]"
259473,2022-01-06,105.13,294,"(60, 120]"
260164,2022-01-12,477.32,181,"(240, 480]"
260865,2022-01-18,611.15,286,"(480, 1000]"
261495,2022-01-24,495.72,280,"(480, 1000]"
263481,2022-02-13,19.12,120,"(0, 30]"
262270,2022-02-01,476.28,254,"(240, 480]"
262237,2022-02-01,208.46,270,"(120, 240]"
270911,2022-04-15,138.28,197,"(120, 240]"
259834,2022-01-09,38.98,293,"(30, 60]"
272463,2022-04-30,415.81,184,"(240, 480]"
273068,2022-05-07,386.21,170,"(240, 480]"
277524,2022-06-12,28.84,136,"(0, 30]"
278143,2022-06-17,9.35,61,"(0, 30]"
274880,2022-05-23,288.72,158,"(240, 480]"
277782,2022-06-14,125.06,36,"(120, 240]"
280946,2022-07-09,139.56,33,"(120, 240]"
281324,2022-07-12,89.28,111,"(60, 120]"
284546,2022-08-09,65.82,31,"(60, 120]"
280458,2022-07-05,57.11,79,"(30, 60]"
286735,2022-08-17,28.81,72,"(0, 30]"
270529,2022-04-12,4.13,201,"(0, 30]"
288773,2022-08-30,264.49,60,"(240, 480]"
282643,2022-07-26,203.08,96,"(120, 240]"
282629,2022-07-26,232.07,97,"(120, 240]"
291177,2022-09-18,254.6,42,"(240, 480]"
289535,2022-09-05,513.96,20,"(480, 1000]"
268830,2022-03-28,169.13,217,"(120, 240]"
288809,2022-08-31,535.59,57,"(480, 1000]"
289401,2022-09-04,5.23,51,"(0, 30]"
292426,2022-09-28,13.98,33,"(0, 30]"
292456,2022-09-28,0.22,33,"(0, 30]"
292818,2022-10-01,53.5,30,"(30, 60]"
292882,2022-10-01,687.56,25,"(480, 1000]"
294343,2022-10-12,310.22,19,"(240, 480]"
278875,2022-06-22,1918.34,126,"(1000, 2000]"
295106,2022-10-17,481.99,12,"(480, 1000]"
291024,2022-09-17,130.21,44,"(120, 240]"
296252,2022-10-26,224.8,2,"(120, 240]"
268897,2022-03-29,3.1,216,"(0, 30]"
275290,2022-05-28,223.72,155,"(120, 240]"
260850,2022-01-18,478.12,31,"(240, 480]"
270898,2022-04-15,31.86,199,"(30, 60]"
275444,2022-05-30,31.45,154,"(30, 60]"
280053,2022-07-02,142.48,121,"(120, 240]"
280954,2022-07-10,84.78,113,"(60, 120]"
275412,2022-05-30,164.62,154,"(120, 240]"
271140,2022-04-18,398.5,156,"(240, 480]"
292032,2022-09-25,85.87,36,"(60, 120]"
289796,2022-09-07,513.87,54,"(480, 1000]"
293425,2022-10-05,62.85,26,"(60, 120]"
293627,2022-10-07,80.92,24,"(60, 120]"
291783,2022-09-23,26.66,31,"(0, 30]"
294936,2022-10-16,0.15,14,"(0, 30]"
296965,2022-10-31,2.15,0,"(0, 30]"
258908,2022-01-01,558.62,31,"(480, 1000]"
259028,2022-01-02,118.64,31,"(60, 120]"
259155,2022-01-03,377.79,28,"(240, 480]"
259039,2022-01-02,402.15,151,"(240, 480]"
259969,2022-01-10,142.59,292,"(120, 240]"
260354,2022-01-14,199.12,59,"(120, 240]"
260809,2022-01-17,143.38,287,"(120, 240]"
261132,2022-01-21,7.61,31,"(0, 30]"
261241,2022-01-22,76.67,282,"(60, 120]"
262739,2022-02-05,94.15,16,"(60, 120]"
265418,2022-02-28,4.42,245,"(0, 30]"
265121,2022-02-26,24.96,245,"(0, 30]"
265779,2022-03-03,114.07,31,"(60, 120]"
264856,2022-02-24,192.19,241,"(120, 240]"
264637,2022-02-22,487.38,249,"(480, 1000]"
262221,2022-02-01,0.05,92,"(0, 30]"
266522,2022-03-09,121.61,16,"(120, 240]"
267840,2022-03-18,315.97,4,"(240, 480]"
268321,2022-03-22,187.12,219,"(120, 240]"
268337,2022-03-22,348.57,223,"(240, 480]"
269535,2022-04-03,21.95,67,"(0, 30]"
270103,2022-04-08,44.93,203,"(30, 60]"
271338,2022-04-20,1268.63,194,"(1000, 2000]"
260176,2022-01-12,29.8,285,"(0, 30]"
274958,2022-05-24,135.23,159,"(120, 240]"
261189,2022-01-21,363.8,31,"(240, 480]"
275292,2022-05-28,21.22,156,"(0, 30]"
261483,2022-01-24,19.97,280,"(0, 30]"
276112,2022-06-02,185.67,151,"(120, 240]"
273852,2022-05-13,343.92,104,"(240, 480]"
282235,2022-07-21,271.65,96,"(240, 480]"
284632,2022-08-10,76.85,31,"(60, 120]"
281196,2022-07-11,288.24,110,"(240, 480]"
287499,2022-08-21,151.75,31,"(120, 240]"
261085,2022-01-20,56.25,282,"(30, 60]"
288533,2022-08-29,67.69,63,"(60, 120]"
287291,2022-08-19,203.15,68,"(120, 240]"
288659,2022-08-30,244.82,30,"(240, 480]"
292453,2022-09-28,70.12,33,"(60, 120]"
292624,2022-09-30,62.6,31,"(60, 120]"
293497,2022-10-06,220.66,25,"(120, 240]"
293579,2022-10-06,0.48,25,"(0, 30]"
275786,2022-06-01,28.28,108,"(0, 30]"
293976,2022-10-09,348.14,12,"(240, 480]"
294859,2022-10-15,18.67,2,"(0, 30]"
296709,2022-10-29,149.35,1,"(120, 240]"
296911,2022-10-30,20.72,1,"(0, 30]"
292475,2022-09-28,27.28,20,"(0, 30]"
275682,2022-06-01,37.63,152,"(30, 60]"
279470,2022-06-27,267.49,126,"(240, 480]"
282881,2022-07-28,63.15,95,"(60, 120]"
271935,2022-04-25,0.05,34,"(0, 30]"
279513,2022-06-28,33.47,91,"(30, 60]"
260265,2022-01-13,173.18,6,"(120, 240]"
261779,2022-01-27,152.59,277,"(120, 240]"
267089,2022-03-13,19.53,16,"(0, 30]"
275571,2022-05-31,16.11,152,"(0, 30]"
274746,2022-05-22,31.51,152,"(30, 60]"
277323,2022-06-10,156.86,122,"(120, 240]"
279947,2022-07-01,94.06,31,"(60, 120]"
282391,2022-07-23,28.41,100,"(0, 30]"
281802,2022-07-16,169.62,92,"(120, 240]"
282712,2022-07-26,6.88,97,"(0, 30]"
283806,2022-08-04,275.23,84,"(240, 480]"
291695,2022-09-22,32.37,39,"(30, 60]"
290906,2022-09-16,87.43,40,"(60, 120]"
293300,2022-10-04,121.74,27,"(120, 240]"
292614,2022-09-29,47.83,32,"(30, 60]"
289630,2022-09-06,397.6,17,"(240, 480]"
272050,2022-04-26,48.53,101,"(30, 60]"
293542,2022-10-06,84.14,13,"(60, 120]"
291053,2022-09-17,301.41,38,"(240, 480]"
262203,2022-02-01,138.33,223,"(120, 240]"
282567,2022-07-25,46.47,94,"(30, 60]"
292077,2022-09-26,665.25,35,"(480, 1000]"
261577,2022-01-25,45.45,279,"(30, 60]"
264888,2022-02-24,66.9,89,"(60, 120]"
265262,2022-02-27,277.59,31,"(240, 480]"
271426,2022-04-21,43.7,30,"(30, 60]"
272979,2022-05-06,429.3,123,"(240, 480]"
283136,2022-07-30,0.48,31,"(0, 30]"
286606,2022-08-16,206.5,31,"(120, 240]"
289627,2022-09-06,57.62,13,"(30, 60]"
291321,2022-09-19,240.58,38,"(240, 480]"
291836,2022-09-23,294.02,38,"(240, 480]"
271715,2022-04-23,0.58,1,"(0, 30]"
285776,2022-08-15,349.31,33,"(240, 480]"
292641,2022-09-30,562.12,31,"(480, 1000]"
261805,2022-01-28,133.17,276,"(120, 240]"
272504,2022-05-01,77.52,163,"(60, 120]"
275664,2022-06-01,44.82,152,"(30, 60]"
259398,2022-01-05,357.94,19,"(240, 480]"
268915,2022-03-29,179.81,216,"(120, 240]"
270240,2022-04-09,1012.63,183,"(1000, 2000]"
273862,2022-05-13,75.03,122,"(60, 120]"
279680,2022-06-29,128.23,30,"(120, 240]"
278853,2022-06-22,194.05,119,"(120, 240]"
283414,2022-08-01,19.63,61,"(0, 30]"
288753,2022-08-30,307.82,1,"(240, 480]"
292148,2022-09-26,189.61,35,"(120, 240]"
290988,2022-09-16,226.51,34,"(120, 240]"
291498,2022-09-21,16.83,19,"(0, 30]"
291824,2022-09-23,32.17,6,"(30, 60]"
263535,2022-02-13,59.93,260,"(30, 60]"
274544,2022-05-20,85.44,3,"(60, 120]"
277803,2022-06-14,159.12,63,"(120, 240]"
288077,2022-08-25,0.5,67,"(0, 30]"
293504,2022-10-06,1.13,20,"(0, 30]"
279138,2022-06-24,406.26,30,"(240, 480]"
281071,2022-07-11,251.43,31,"(240, 480]"
274999,2022-05-25,134.31,157,"(120, 240]"
280142,2022-07-03,465.72,31,"(240, 480]"
260913,2022-01-19,61.27,31,"(60, 120]"
261003,2022-01-20,133.7,282,"(120, 240]"
268497,2022-03-24,37.58,1,"(30, 60]"
274521,2022-05-20,89.78,164,"(60, 120]"
276414,2022-06-03,7.1,30,"(0, 30]"
280709,2022-07-07,72.68,31,"(60, 120]"
268643,2022-03-26,314.14,216,"(240, 480]"
282720,2022-07-26,85.27,97,"(60, 120]"
295684,2022-10-22,0.53,9,"(0, 30]"
264434,2022-02-21,0.35,7,"(0, 30]"
264552,2022-02-22,10.56,31,"(0, 30]"
267670,2022-03-17,1.03,25,"(0, 30]"
260483,2022-01-15,3.08,289,"(0, 30]"
265506,2022-03-01,308.45,31,"(240, 480]"
268732,2022-03-27,21.25,215,"(0, 30]"
268480,2022-03-24,19.05,221,"(0, 30]"
271557,2022-04-22,189.7,63,"(120, 240]"
270509,2022-04-12,59.95,61,"(30, 60]"
274589,2022-05-20,87.88,92,"(60, 120]"
275582,2022-05-31,9.72,153,"(0, 30]"
279748,2022-06-29,49,124,"(30, 60]"
282931,2022-07-29,7.76,94,"(0, 30]"
283831,2022-08-04,163.39,88,"(120, 240]"
290954,2022-09-16,0.25,45,"(0, 30]"
291725,2022-09-22,32.44,35,"(30, 60]"
292385,2022-09-28,176.76,33,"(120, 240]"
291988,2022-09-25,0.07,36,"(0, 30]"
294682,2022-10-14,366.1,13,"(240, 480]"
292629,2022-09-30,14.43,31,"(0, 30]"
295655,2022-10-22,0.1,9,"(0, 30]"
295941,2022-10-24,10.03,7,"(0, 30]"
295526,2022-10-21,48.72,3,"(30, 60]"
268224,2022-03-21,38.95,224,"(30, 60]"
275677,2022-06-01,493.59,152,"(480, 1000]"
283486,2022-08-01,80.22,31,"(60, 120]"
288392,2022-08-28,91.14,31,"(60, 120]"
291599,2022-09-22,114.4,39,"(60, 120]"
278685,2022-06-20,13.8,100,"(0, 30]"
294132,2022-10-10,214.25,21,"(120, 240]"
275457,2022-05-30,286.7,152,"(240, 480]"
282503,2022-07-24,1.38,99,"(0, 30]"
295273,2022-10-19,125.76,12,"(120, 240]"
276932,2022-06-07,85.65,146,"(60, 120]"
275532,2022-05-31,66.69,153,"(60, 120]"
281631,2022-07-15,184.57,62,"(120, 240]"
282149,2022-07-20,20.35,100,"(0, 30]"
268574,2022-03-25,0.23,220,"(0, 30]"
279751,2022-06-29,19.72,30,"(0, 30]"
273763,2022-05-13,10.15,171,"(0, 30]"
291088,2022-09-17,123.57,11,"(120, 240]"
293600,2022-10-06,159.53,0,"(120, 240]"
267418,2022-03-15,0,31,[0]
270906,2022-04-15,0,61,[0]
292588,2022-09-29,0,32,[0]
262991,2022-02-07,0,2,[0]
263069,2022-02-08,0,0,[0]
268477,2022-03-24,0,127,[0]
270175,2022-04-09,0,205,[0]
271075,2022-04-17,0,30,[0]
272191,2022-04-28,0,30,[0]
272365,2022-04-29,0,17,[0]
272902,2022-05-05,0,31,[0]
273112,2022-05-07,0,83,[0]
274137,2022-05-16,0,168,[0]
282818,2022-07-27,0,95,[0]
292639,2022-09-30,0,31,[0]
295550,2022-10-21,0,10,[0]
270902,2022-04-15,0,31,[0]
292604,2022-09-29,0,32,[0]
292609,2022-09-29,0,31,[0]
261217,2022-01-22,0,282,[0]
263080,2022-02-08,0,1,[0]
264323,2022-02-20,0,253,[0]
268481,2022-03-24,0,127,[0]
273196,2022-05-08,0,4,[0]
275694,2022-06-01,0,152,[0]
268346,2022-03-22,0,223,[0]
274779,2022-05-23,0,161,[0]
271431,2022-04-21,0,99,[0]
282045,2022-07-19,0,0,[0]
284320,2022-08-07,0,1,[0]
261808,2022-01-28,0,276,[0]
272912,2022-05-05,0,85,[0]
275347,2022-05-29,0,155,[0]
277095,2022-06-08,0,145,[0]
263082,2022-02-08,0,1,[0]
272903,2022-05-05,0,31,[0]
271605,2022-04-22,0,161,[0]
282783,2022-07-27,0,95,[0]
295506,2022-10-20,0,11,[0]
261290,2022-01-23,0,19,[0]
263079,2022-02-08,0,1,[0]
264167,2022-02-18,0,3,[0]
263453,2022-02-12,0,215,[0]
269027,2022-03-30,0,215,[0]
276479,2022-06-04,0,149,[0]
277328,2022-06-10,0,143,[0]
266577,2022-03-09,0,5,[0]
263074,2022-02-08,0,1,[0]
263941,2022-02-17,0,256,[0]
265618,2022-03-02,0,31,[0]
267432,2022-03-15,0,31,[0]
272027,2022-04-26,0,125,[0]
269908,2022-04-07,0,207,[0]
287427,2022-08-20,0,66,[0]
290929,2022-09-16,0,32,[0]
269056,2022-03-31,0,214,[0]
271394,2022-04-20,0,100,[0]
275295,2022-05-28,0,156,[0]
281018,2022-07-10,0,113,[0]
288075,2022-08-25,0,67,[0]
263072,2022-02-08,0,1,[0]
270904,2022-04-15,0,105,[0]
275486,2022-05-31,0,153,[0]
275573,2022-05-31,0,24,[0]
266962,2022-03-12,0,31,[0]
270518,2022-04-12,0,202,[0]
267502,2022-03-16,0,135,[0]
270749,2022-04-14,0,106,[0]
261276,2022-01-22,0,282,[0]
261825,2022-01-28,0,276,[0]
263077,2022-02-08,0,1,[0]
282885,2022-07-28,0,95,[0]
261789,2022-01-28,0,276,[0]
269955,2022-04-07,0,4,[0]
274684,2022-05-21,0,162,[0]
281762,2022-07-16,0,97,[0]
284166,2022-08-06,0,73,[0]
288076,2022-08-25,0,67,[0]
270517,2022-04-12,0,202,[0]
269909,2022-04-07,0,39,[0]
271392,2022-04-20,0,30,[0]
275346,2022-05-29,0,155,[0]
268461,2022-03-24,0,221,[0]
275689,2022-06-01,0,152,[0]
282539,2022-07-25,0,98,[0]
271849,2022-04-25,0,94,[0]
288599,2022-08-29,0,63,[0]
261796,2022-01-28,0,276,[0]
267930,2022-03-19,0,214,[0]
269024,2022-03-30,0,215,[0]
270169,2022-04-09,0,111,[0]
272198,2022-04-28,0,30,[0]
272490,2022-05-01,0,8,[0]
273978,2022-05-15,0,169,[0]
275659,2022-06-01,0,152,[0]
278625,2022-06-20,0,126,[0]
292424,2022-09-28,0,1,[0]
292560,2022-09-29,0,32,[0]
296766,2022-10-29,0,2,[0]
270702,2022-04-13,0,107,[0]
275402,2022-05-30,0,154,[0]
275593,2022-06-01,0,152,[0]
282441,2022-07-23,0,28,[0]
285344,2022-08-14,0,76,[0]
291617,2022-09-22,0,39,[0]
272017,2022-04-26,0,30,[0]
281210,2022-07-12,0,0,[0]
270478,2022-04-11,0,26,[0]
282158,2022-07-20,0,0,[0]
261084,2022-01-20,0,284,[0]
264909,2022-02-24,0,245,[0]
268935,2022-03-30,0,215,[0]
269046,2022-03-30,0,215,[0]
270910,2022-04-15,0,105,[0]
271077,2022-04-17,0,30,[0]
271087,2022-04-17,0,30,[0]
273017,2022-05-06,0,61,[0]
274847,2022-05-23,0,161,[0]
267549,2022-03-16,0,135,[0]
263252,2022-02-10,0,214,[0]
270107,2022-04-08,0,112,[0]
272759,2022-05-04,0,12,[0]
275334,2022-05-29,0,155,[0]
275612,2022-06-01,0,152,[0]
280834,2022-07-08,0,98,[0]
261816,2022-01-28,0,276,[0]
288950,2022-08-31,0,61,[0]
266045,2022-03-06,0,239,[0]
269053,2022-03-31,0,214,[0]
270099,2022-04-08,0,30,[0]
272924,2022-05-05,0,85,[0]
292346,2022-09-27,0,34,[0]
270209,2022-04-09,0,30,[0]
271089,2022-04-17,0,91,[0]
282759,2022-07-27,0,96,[0]
274681,2022-05-21,0,156,[0]
275375,2022-05-29,0,155,[0]
270757,2022-04-14,0,0,[0]
272077,2022-04-27,0,6,[0]
282648,2022-07-26,0,97,[0]
263078,2022-02-08,0,1,[0]
266975,2022-03-12,0,31,[0]
282221,2022-07-21,0,52,[0]
271029,2022-04-17,0,197,[0]
272083,2022-04-27,0,30,[0]
275992,2022-06-02,0,151,[0]
281568,2022-07-14,0,96,[0]
263086,2022-02-08,0,27,[0]
265864,2022-03-04,0,1,[0]
271488,2022-04-21,0,187,[0]
273723,2022-05-12,0,92,[0]
277724,2022-06-14,0,33,[0]
280208,2022-07-03,0,113,[0]
281528,2022-07-14,0,98,[0]
282692,2022-07-26,0,5,[0]
288898,2022-08-31,0,30,[0]
276860,2022-06-07,0,32,[0]
294208,2022-10-11,0,12,[0]
272544,2022-05-01,0,30,[0]
281074,2022-07-11,0,19,[0]
295823,2022-10-23,0,2,[0]
271841,2022-04-24,0,105,[0]
263888,2022-02-16,0,92,[0]
294694,2022-10-14,0,12,[0]
